,region,yearweek,max_wind,min_wind,avg_wind,max_rain,min_rain,avg_rain,max_snow,min_snow,avg_snow,max_tempmax,min_tempmax,avg_tempmax,max_tempmin,min_tempmin,avg_tempmin
0,Boston,201052,3.1,2.7,2.9000000000000004,3.8,0.0,1.9,0.0,0.0,0.0,13.3,10.6,11.95,3.3,1.7,2.5
1,Boston,201101,7.5,2.8,5.171428571428572,4.1,0.0,1.1285714285714286,48.0,0.0,13.857142857142858,3.9,0.0,2.157142857142857,-1.7,-5.6,-3.585714285714286
2,Boston,201102,10.6,2.9,6.114285714285714,35.6,0.0,5.085714285714286,371.0,0.0,53.0,1.7,-3.9,0.08571428571428566,-2.2,-9.4,-6.1000000000000005
3,Boston,201103,6.3,3.6,4.557142857142857,24.1,0.0,6.771428571428572,185.0,0.0,33.285714285714285,4.4,-6.1,-0.9428571428571428,0.0,-15.0,-7.142857142857143
4,Boston,201104,6.5,2.3,3.8714285714285714,17.3,0.0,3.0571428571428574,224.0,0.0,38.857142857142854,2.8,-10.6,-0.3142857142857142,-3.3,-18.9,-8.314285714285713
5,Boston,201105,6.8,3.1,4.614285714285714,21.8,0.0,5.728571428571429,173.0,0.0,37.714285714285715,5.6,-5.6,0.24285714285714288,1.7,-8.9,-6.357142857142857
6,Boston,201106,6.8,2.7,5.257142857142857,6.9,0.0,1.0571428571428572,13.0,0.0,1.8571428571428572,5.6,-2.2,1.6714285714285713,-1.7,-10.6,-7.071428571428571
7,Boston,201107,10.2,2.7,6.528571428571428,1.3,0.0,0.18571428571428572,0.0,0.0,0.0,15.6,1.7,8.657142857142857,2.8,-8.3,-3.3142857142857145
8,Boston,201108,5.5,3.4,4.757142857142857,41.4,0.0,7.328571428571428,135.0,0.0,27.571428571428573,6.7,-1.1,2.9428571428571426,-1.1,-10.6,-5.642857142857143
9,Boston,201109,8.3,3.6,5.628571428571428,16.0,0.0,2.6142857142857143,5.0,0.0,0.7142857142857143,16.1,-1.7,7.371428571428572,7.8,-11.1,-3.257142857142857
10,Boston,201110,9.6,3.6,6.042857142857143,13.2,0.0,3.442857142857143,0.0,0.0,0.0,13.9,2.8,8.014285714285714,4.4,-3.9,0.7000000000000001
11,Boston,201111,8.3,3.2,4.571428571428571,13.7,0.0,1.957142857142857,0.0,0.0,0.0,21.1,4.4,10.0,7.8,-1.7,1.5142857142857142
12,Boston,201112,7.2,3.5,5.442857142857143,4.1,0.0,0.6285714285714284,8.0,0.0,1.8571428571428572,7.2,3.9,5.628571428571428,1.7,-3.3,-0.7142857142857143
13,Boston,201113,7.3,3.7,5.857142857142857,11.4,0.0,2.9,23.0,0.0,5.428571428571429,12.8,4.4,9.528571428571428,4.4,-2.2,1.042857142857143
14,Boston,201114,7.7,3.0,4.885714285714286,9.7,0.0,1.7857142857142858,0.0,0.0,0.0,18.3,7.8,13.014285714285714,4.4,1.1,2.6142857142857143
15,Boston,201115,8.5,4.7,6.214285714285714,33.8,0.0,8.971428571428572,0.0,0.0,0.0,22.2,7.8,14.585714285714285,8.3,2.2,5.942857142857143
16,Boston,201116,7.9,2.9,4.942857142857143,10.2,0.0,2.1142857142857143,0.0,0.0,0.0,23.9,7.8,13.571428571428571,12.2,3.3,6.042857142857143
17,Boston,201117,8.2,2.6,4.557142857142857,0.8,0.0,0.15714285714285717,0.0,0.0,0.0,25.6,12.2,17.942857142857143,16.7,7.8,10.242857142857144
18,Boston,201118,6.8,3.4,4.728571428571429,9.4,0.0,2.685714285714286,0.0,0.0,0.0,22.2,13.9,18.728571428571428,12.2,6.7,9.128571428571428
19,Boston,201119,8.4,3.3,5.414285714285714,27.2,0.0,3.9714285714285715,0.0,0.0,0.0,20.0,13.9,15.957142857142857,11.1,7.2,9.442857142857141
20,Boston,201120,6.4,2.3,4.357142857142857,12.7,0.0,4.085714285714285,0.0,0.0,0.0,18.3,10.0,13.585714285714285,10.6,8.9,9.614285714285714
21,Boston,201121,5.2,3.6,4.5285714285714285,4.3,0.0,1.0142857142857142,0.0,0.0,0.0,30.6,18.3,25.785714285714285,19.4,10.6,15.957142857142857
22,Boston,201122,7.7,3.3,5.028571428571429,14.2,0.0,2.0285714285714285,0.0,0.0,0.0,30.6,17.2,23.185714285714287,17.8,9.4,14.371428571428572
23,Boston,201123,5.6,2.6,4.0,18.0,0.0,5.628571428571428,0.0,0.0,0.0,33.3,14.4,24.02857142857143,21.1,11.7,15.257142857142858
24,Boston,201124,5.1,2.7,4.3,1.8,0.0,0.7285714285714285,0.0,0.0,0.0,31.7,15.6,23.514285714285712,19.4,12.2,15.785714285714286
25,Boston,201125,6.4,2.4,3.8428571428571425,46.2,0.0,8.242857142857144,0.0,0.0,0.0,28.3,16.1,21.485714285714288,18.3,12.2,15.62857142857143
26,Boston,201126,5.4,3.2,4.057142857142858,4.6,0.0,0.7714285714285714,0.0,0.0,0.0,29.4,24.4,26.82857142857143,20.0,18.3,19.04285714285714
27,Boston,201127,4.9,2.8,3.7285714285714286,7.4,0.0,1.4857142857142858,0.0,0.0,0.0,33.3,23.9,30.228571428571428,21.7,18.9,20.314285714285713
28,Boston,201128,6.0,3.7,4.742857142857143,18.3,0.0,4.242857142857143,0.0,0.0,0.0,35.0,22.8,30.24285714285714,25.0,17.2,19.914285714285715
29,Boston,201129,7.8,3.1,4.714285714285714,2.8,0.0,0.4714285714285714,0.0,0.0,0.0,39.4,28.9,33.17142857142857,27.2,19.4,22.52857142857143
30,Boston,201130,5.4,3.1,3.8857142857142857,3.8,0.0,1.0999999999999999,0.0,0.0,0.0,32.8,23.3,27.47142857142857,22.8,17.2,19.75714285714286
31,Boston,201131,4.3,3.0,3.8,26.9,0.0,6.014285714285713,0.0,0.0,0.0,33.9,23.3,27.842857142857145,22.2,18.3,20.142857142857142
32,Boston,201132,5.0,2.0,3.514285714285714,30.7,0.0,8.157142857142857,0.0,0.0,0.0,28.3,24.4,26.514285714285712,21.1,17.8,19.2
33,Boston,201133,6.3,3.2,4.457142857142857,36.3,0.0,5.3428571428571425,0.0,0.0,0.0,31.1,20.6,27.7,22.2,16.7,19.599999999999998
34,Boston,201134,12.1,2.6,5.714285714285714,23.1,0.0,8.571428571428571,0.0,0.0,0.0,30.6,24.4,27.142857142857142,21.1,17.2,19.514285714285712
35,Boston,201135,5.2,2.7,3.6714285714285713,0.0,0.0,0.0,0.0,0.0,0.0,30.0,20.0,25.714285714285715,20.0,15.6,16.928571428571427
36,Boston,201136,6.1,2.8,4.242857142857143,29.7,0.0,7.8,0.0,0.0,0.0,30.6,17.2,22.7,20.6,13.3,15.557142857142859
37,Boston,201137,5.1,3.1,4.285714285714286,2.0,0.0,0.39999999999999997,0.0,0.0,0.0,30.0,16.7,24.2,20.0,8.9,13.828571428571427
38,Boston,201138,4.1,1.7,3.0,11.9,0.0,3.914285714285714,0.0,0.0,0.0,26.7,18.3,22.785714285714285,20.0,10.6,16.185714285714287
39,Boston,201139,4.9,2.2,3.7714285714285714,23.9,0.0,5.071428571428571,0.0,0.0,0.0,25.0,18.3,22.214285714285715,18.9,13.9,16.185714285714287
40,Boston,201140,6.2,3.0,4.485714285714286,28.4,0.0,4.314285714285714,0.0,0.0,0.0,30.6,16.7,22.085714285714285,18.3,7.8,12.142857142857142
41,Boston,201141,8.6,3.5,5.514285714285714,23.6,0.0,5.757142857142857,0.0,0.0,0.0,29.4,16.7,20.071428571428573,17.8,12.2,14.514285714285714
42,Boston,201142,6.8,2.6,4.985714285714286,29.7,0.0,5.942857142857143,0.0,0.0,0.0,20.6,14.4,17.7,13.3,7.8,11.428571428571429
43,Boston,201143,7.5,2.3,5.285714285714286,25.9,0.0,7.3,15.0,0.0,3.5714285714285716,17.2,8.9,11.571428571428571,10.0,1.1,4.285714285714286
44,Boston,201144,6.2,3.0,4.014285714285714,0.0,0.0,0.0,0.0,0.0,0.0,17.2,9.4,12.685714285714285,5.6,2.2,3.557142857142857
45,Boston,201145,7.3,1.9,4.114285714285715,26.7,0.0,3.814285714285714,0.0,0.0,0.0,20.6,11.7,16.742857142857144,11.1,2.8,7.0
46,Boston,201146,7.5,2.1,5.571428571428571,19.8,0.0,3.3000000000000003,0.0,0.0,0.0,20.0,7.2,15.071428571428571,13.3,2.2,7.685714285714285
47,Boston,201147,8.8,1.8,3.9714285714285715,37.1,0.0,5.414285714285714,0.0,0.0,0.0,17.2,7.8,12.228571428571428,7.2,-0.6,2.357142857142857
48,Boston,201148,7.4,3.0,4.571428571428571,17.8,0.0,2.757142857142857,0.0,0.0,0.0,19.4,7.2,13.485714285714286,11.7,1.1,5.328571428571428
49,Boston,201149,7.2,3.1,4.385714285714285,40.6,0.0,9.357142857142858,0.0,0.0,0.0,17.2,3.3,11.257142857142856,9.4,-2.2,3.5714285714285716
50,Boston,201150,7.4,2.9,4.8428571428571425,1.3,0.0,0.2571428571428572,0.0,0.0,0.0,12.2,-2.2,7.285714285714286,5.0,-6.7,-0.014285714285714362
51,Boston,201151,6.3,3.4,4.457142857142857,14.7,0.0,4.0285714285714285,0.0,0.0,0.0,14.4,-0.6,8.0,7.2,-7.8,-2.0
52,Boston,201152,8.8,1.8,5.057142857142857,4.6,0.0,0.8142857142857142,0.0,0.0,0.0,13.9,0.6,8.014285714285714,3.9,-5.0,-1.1142857142857143
53,Boston,201201,6.6,2.2,4.742857142857143,0.3,0.0,0.04285714285714286,0.0,0.0,0.0,15.6,-2.2,6.442857142857143,1.1,-12.2,-4.2
54,Boston,201202,8.7,3.2,6.057142857142857,23.4,0.0,3.6,13.0,0.0,1.8571428571428572,12.2,-7.2,3.9571428571428577,0.6,-14.4,-3.9571428571428577
55,Boston,201203,9.2,3.3,5.128571428571428,4.6,0.0,1.4285714285714286,74.0,0.0,22.142857142857142,11.1,-5.0,2.2285714285714286,0.6,-12.2,-7.128571428571428
56,Boston,201204,6.6,2.1,4.757142857142857,22.6,0.0,4.614285714285714,5.0,0.0,0.7142857142857143,13.3,5.0,7.771428571428571,5.6,-2.2,1.7428571428571427
57,Boston,201205,6.1,2.6,4.357142857142857,0.0,0.0,0.0,0.0,0.0,0.0,15.0,2.2,6.728571428571429,1.7,-5.6,-1.7571428571428573
58,Boston,201206,7.5,3.4,5.085714285714286,1.8,0.0,0.2571428571428572,0.0,0.0,0.0,10.0,-1.1,6.028571428571429,-1.1,-8.9,-3.0142857142857147
59,Boston,201207,6.2,1.0,3.857142857142857,1.0,0.0,0.18571428571428572,0.0,0.0,0.0,11.7,5.0,7.542857142857143,3.3,-8.3,-0.5571428571428573
60,Boston,201208,10.2,3.4,5.628571428571428,13.7,0.0,2.142857142857143,0.0,0.0,0.0,13.9,5.0,8.028571428571428,5.0,-2.8,0.4
61,Boston,201209,10.0,3.6,5.171428571428572,14.7,0.0,4.542857142857143,23.0,0.0,5.142857142857143,11.1,1.7,5.8,1.1,-5.0,-1.3571428571428572
62,Boston,201210,10.8,4.9,6.571428571428571,0.0,0.0,0.0,3.0,0.0,0.42857142857142855,20.0,3.3,11.257142857142856,10.0,-6.7,-0.08571428571428594
63,Boston,201211,4.7,2.1,3.5714285714285716,1.8,0.0,0.5142857142857143,0.0,0.0,0.0,23.3,5.6,14.771428571428572,9.4,2.8,4.914285714285714
64,Boston,201212,4.8,2.7,3.7285714285714286,0.3,0.0,0.04285714285714286,0.0,0.0,0.0,28.3,8.9,20.7,14.4,5.6,9.828571428571427
65,Boston,201213,7.6,3.0,4.857142857142857,4.8,0.0,1.0571428571428572,0.0,0.0,0.0,10.6,6.1,9.214285714285714,4.4,-2.8,1.5714285714285714
66,Boston,201214,5.7,3.6,4.985714285714286,1.3,0.0,0.18571428571428572,0.0,0.0,0.0,17.8,10.0,12.62857142857143,6.1,2.2,3.957142857142857
67,Boston,201215,7.4,3.6,4.685714285714285,8.1,0.0,1.157142857142857,0.0,0.0,0.0,25.0,12.2,17.442857142857143,12.2,5.0,7.371428571428571
68,Boston,201216,6.4,4.3,5.214285714285714,26.4,0.0,3.814285714285714,0.0,0.0,0.0,30.6,16.7,23.2,15.0,6.7,10.700000000000001
69,Boston,201217,8.6,4.8,6.328571428571428,37.6,0.0,5.371428571428572,0.0,0.0,0.0,17.2,13.9,15.714285714285714,7.8,2.8,5.3999999999999995
70,Boston,201218,5.6,1.7,3.657142857142857,15.2,0.0,2.6857142857142855,0.0,0.0,0.0,14.4,10.0,11.885714285714286,9.4,5.0,7.457142857142857
71,Boston,201219,5.3,3.2,4.385714285714285,21.6,0.0,4.614285714285714,0.0,0.0,0.0,26.7,14.4,19.599999999999998,15.0,8.3,10.785714285714286
72,Boston,201220,4.5,2.3,3.3285714285714287,12.7,0.0,2.357142857142857,0.0,0.0,0.0,22.8,17.8,20.485714285714288,15.6,9.4,12.228571428571428
73,Boston,201221,4.4,2.6,3.7142857142857144,14.7,0.0,2.1714285714285713,0.0,0.0,0.0,30.0,15.0,21.585714285714285,18.9,12.2,15.314285714285715
74,Boston,201222,7.3,2.8,4.6571428571428575,28.7,0.0,4.757142857142857,0.0,0.0,0.0,28.3,16.7,20.557142857142857,17.2,11.7,14.685714285714285
75,Boston,201223,7.8,2.8,4.2,7.9,0.0,2.2142857142857144,0.0,0.0,0.0,26.1,11.7,19.428571428571427,15.0,10.0,12.214285714285714
76,Boston,201224,5.8,3.2,4.242857142857143,17.8,0.0,2.585714285714286,0.0,0.0,0.0,23.3,17.2,20.142857142857142,16.7,11.1,14.214285714285714
77,Boston,201225,4.9,3.5,4.285714285714286,30.2,0.0,4.385714285714285,0.0,0.0,0.0,36.1,17.8,29.285714285714285,26.7,12.8,18.728571428571428
78,Boston,201226,6.3,3.4,4.828571428571428,23.6,0.0,3.771428571428572,0.0,0.0,0.0,32.8,22.8,27.942857142857143,21.1,16.1,18.242857142857144
79,Boston,201227,4.3,3.6,3.8714285714285714,3.6,0.0,0.5142857142857143,0.0,0.0,0.0,31.7,26.7,29.214285714285715,22.8,20.0,20.885714285714283
80,Boston,201228,4.9,3.3,4.128571428571429,0.0,0.0,0.0,0.0,0.0,0.0,32.8,26.7,30.24285714285714,22.2,18.3,20.071428571428573
81,Boston,201229,5.5,3.0,3.942857142857143,44.2,0.0,6.528571428571429,0.0,0.0,0.0,36.1,21.7,28.014285714285712,24.4,16.1,19.514285714285712
82,Boston,201230,5.0,2.5,3.9,22.1,0.0,5.3,0.0,0.0,0.0,32.8,22.2,27.142857142857142,20.0,17.2,18.414285714285715
83,Boston,201231,5.6,3.3,4.142857142857143,20.3,0.0,4.928571428571429,0.0,0.0,0.0,33.3,22.8,28.25714285714286,23.3,17.2,20.3
84,Boston,201232,4.6,3.4,3.9714285714285715,29.7,0.0,4.285714285714286,0.0,0.0,0.0,29.4,25.0,28.0,22.2,18.9,20.728571428571428
85,Boston,201233,4.6,2.7,3.414285714285714,21.1,0.0,3.1571428571428575,0.0,0.0,0.0,30.0,22.2,27.37142857142857,21.7,16.1,19.12857142857143
86,Boston,201234,3.8,2.8,3.1714285714285713,0.0,0.0,0.0,0.0,0.0,0.0,30.6,23.9,26.2,20.0,16.7,18.585714285714285
87,Boston,201235,6.5,2.8,4.457142857142857,3.8,0.0,0.5428571428571428,0.0,0.0,0.0,32.2,22.8,27.614285714285717,20.0,15.6,17.557142857142857
88,Boston,201236,6.6,2.6,3.814285714285714,18.0,0.0,8.128571428571428,0.0,0.0,0.0,27.8,22.2,25.485714285714288,20.0,15.0,17.928571428571427
89,Boston,201237,5.6,3.0,4.171428571428572,3.0,0.0,0.42857142857142855,0.0,0.0,0.0,27.8,20.6,23.74285714285714,16.1,11.7,13.657142857142857
90,Boston,201238,8.0,3.0,4.4714285714285715,15.5,0.0,2.6142857142857143,0.0,0.0,0.0,23.9,16.7,20.314285714285713,14.4,10.6,12.385714285714286
91,Boston,201239,6.2,3.1,4.314285714285714,20.1,0.0,3.7,0.0,0.0,0.0,23.3,13.9,18.485714285714288,15.0,9.4,11.985714285714286
92,Boston,201240,6.9,2.2,3.6285714285714286,2.8,0.0,1.1285714285714286,0.0,0.0,0.0,25.6,14.4,20.085714285714285,15.0,8.9,12.614285714285714
93,Boston,201241,6.0,2.8,4.828571428571428,4.8,0.0,1.3142857142857143,0.0,0.0,0.0,19.4,11.7,14.671428571428569,11.7,1.7,7.457142857142857
94,Boston,201242,6.2,2.8,4.685714285714285,4.1,0.0,1.0857142857142856,0.0,0.0,0.0,23.3,13.3,18.642857142857142,15.6,5.6,10.085714285714285
95,Boston,201243,7.6,1.8,3.5714285714285716,2.0,0.0,0.2857142857142857,0.0,0.0,0.0,20.0,12.8,16.428571428571427,11.1,6.7,9.285714285714286
96,Boston,201244,13.9,3.8,6.114285714285714,26.9,0.0,5.8,0.0,0.0,0.0,17.2,11.1,13.571428571428571,11.7,3.3,7.771428571428571
97,Boston,201245,10.3,3.1,5.857142857142857,8.4,0.0,1.957142857142857,8.0,0.0,1.5714285714285714,16.1,4.4,9.200000000000001,4.4,-0.6,1.7285714285714289
98,Boston,201246,5.8,3.0,4.128571428571428,7.4,0.0,1.0571428571428572,0.0,0.0,0.0,18.9,5.0,10.299999999999999,8.3,0.6,2.9285714285714284
99,Boston,201247,7.5,2.4,4.5,0.0,0.0,0.0,0.0,0.0,0.0,10.0,4.4,8.557142857142859,4.4,-0.6,1.7285714285714289
100,Boston,201248,6.1,2.1,3.8428571428571425,3.8,0.0,0.6571428571428571,13.0,0.0,1.8571428571428572,11.1,0.0,4.914285714285714,1.1,-2.2,-0.2285714285714286
101,Boston,201249,7.1,2.2,3.8428571428571425,8.6,0.0,1.6714285714285713,0.0,0.0,0.0,15.0,5.0,10.314285714285715,6.1,-1.1,2.6285714285714286
102,Boston,201250,6.2,1.8,4.114285714285714,14.2,0.0,2.942857142857143,0.0,0.0,0.0,15.6,3.9,8.085714285714285,5.6,-1.7,0.7857142857142857
103,Boston,201251,9.5,3.8,6.3428571428571425,21.8,0.0,7.214285714285714,0.0,0.0,0.0,11.1,3.3,6.885714285714285,5.0,-1.7,1.7428571428571427
104,Boston,201252,10.8,3.6,6.185714285714285,42.4,0.0,9.571428571428571,56.0,0.0,10.571428571428571,8.3,-1.1,3.257142857142857,-0.6,-5.6,-2.6285714285714286
105,Boston,201301,6.4,3.5,5.242857142857143,0.0,0.0,0.0,0.0,0.0,0.0,6.1,-3.9,1.9857142857142855,-2.2,-13.9,-6.985714285714286
106,Boston,201302,6.8,1.0,3.7142857142857144,3.0,0.0,0.4714285714285714,0.0,0.0,0.0,10.6,3.9,7.071428571428571,4.4,-2.2,0.3857142857142857
107,Boston,201303,8.3,2.8,5.514285714285714,9.4,0.0,1.342857142857143,81.0,0.0,11.571428571428571,16.1,-1.1,7.142857142857143,5.6,-7.2,-1.1714285714285715
108,Boston,201304,7.8,4.6,6.114285714285714,0.3,0.0,0.12857142857142856,10.0,0.0,2.5714285714285716,0.0,-8.3,-3.957142857142857,-5.0,-15.6,-10.87142857142857
109,Boston,201305,12.0,2.0,5.7,7.9,0.0,2.1142857142857143,25.0,0.0,6.142857142857143,15.6,-2.8,4.128571428571428,0.6,-7.2,-3.642857142857143
110,Boston,201306,11.5,3.1,6.242857142857143,25.4,0.0,7.014285714285714,376.0,0.0,95.14285714285714,4.4,-6.7,-0.5,-3.3,-9.4,-6.828571428571428
111,Boston,201307,9.6,3.2,5.014285714285713,5.1,0.0,1.5,130.0,0.0,19.0,8.3,0.0,5.242857142857143,2.2,-7.8,-2.0714285714285716
112,Boston,201308,8.9,2.8,5.942857142857143,20.8,0.0,5.471428571428571,46.0,0.0,6.571428571428571,7.2,0.6,3.4857142857142853,0.0,-8.9,-3.414285714285714
113,Boston,201309,8.9,2.7,4.285714285714286,34.8,0.0,5.014285714285713,5.0,0.0,0.7142857142857143,6.7,4.4,5.3999999999999995,3.3,-2.2,0.39999999999999997
114,Boston,201310,10.6,3.5,7.114285714285714,23.9,0.0,5.271428571428571,267.0,0.0,47.57142857142857,6.1,2.8,4.371428571428571,1.7,-2.2,-0.7142857142857143
115,Boston,201311,7.5,3.7,5.471428571428571,7.4,0.0,1.0571428571428572,0.0,0.0,0.0,11.7,3.3,6.985714285714286,3.9,-6.1,-0.9428571428571428
116,Boston,201312,9.9,2.5,5.828571428571428,34.3,0.0,5.3999999999999995,160.0,0.0,27.285714285714285,8.9,0.6,4.057142857142858,0.6,-6.1,-2.1285714285714286
117,Boston,201313,6.2,3.6,4.571428571428571,1.3,0.0,0.3428571428571429,0.0,0.0,0.0,15.0,6.7,11.271428571428572,4.4,0.6,2.442857142857143
118,Boston,201314,8.5,5.4,6.7,3.0,0.0,0.42857142857142855,0.0,0.0,0.0,16.7,5.6,11.185714285714285,3.3,-0.5,0.6571428571428571
119,Boston,201315,8.5,2.7,4.4714285714285715,8.9,0.0,2.385714285714286,0.0,0.0,0.0,22.8,6.1,13.014285714285714,7.8,2.2,5.557142857142857
120,Boston,201316,8.0,4.3,5.8999999999999995,9.7,0.0,1.5714285714285714,0.0,0.0,0.0,23.9,9.4,16.5,11.7,2.8,6.271428571428571
121,Boston,201317,7.6,3.3,5.328571428571428,3.3,0.0,0.5857142857142856,0.0,0.0,0.0,20.6,6.1,13.799999999999999,8.9,2.2,5.885714285714286
122,Boston,201318,4.5,2.8,3.857142857142857,0.0,0.0,0.0,0.0,0.0,0.0,21.1,11.1,15.328571428571427,8.9,4.4,7.214285714285714
123,Boston,201319,5.4,2.2,3.942857142857143,15.5,0.0,3.9857142857142853,0.0,0.0,0.0,22.8,12.8,19.52857142857143,15.0,6.1,10.957142857142857
124,Boston,201320,5.9,3.6,4.942857142857143,4.3,0.0,0.6142857142857142,0.0,0.0,0.0,27.8,15.6,19.442857142857143,12.2,6.7,9.385714285714286
125,Boston,201321,7.1,2.9,4.742857142857143,14.5,0.3,4.042857142857143,0.0,0.0,0.0,27.8,12.2,19.457142857142856,13.3,5.0,9.700000000000001
126,Boston,201322,7.0,2.9,4.714285714285714,21.3,0.0,3.042857142857143,0.0,0.0,0.0,34.4,17.8,27.37142857142857,22.2,8.3,16.342857142857145
127,Boston,201323,5.4,3.9,4.671428571428572,78.0,0.0,15.742857142857144,0.0,0.0,0.0,26.7,14.4,22.542857142857144,16.7,12.8,14.142857142857142
128,Boston,201324,5.2,3.7,4.4714285714285715,35.1,0.0,14.785714285714286,0.0,0.0,0.0,26.7,17.8,22.071428571428573,16.7,11.7,13.885714285714286
129,Boston,201325,5.9,3.1,4.542857142857143,16.0,0.0,3.8428571428571425,0.0,0.0,0.0,32.8,21.7,27.157142857142855,18.9,14.4,16.32857142857143
130,Boston,201326,6.0,3.1,4.685714285714285,11.4,0.0,3.7428571428571433,0.0,0.0,0.0,35.0,18.9,28.642857142857142,21.1,16.1,19.142857142857142
131,Boston,201327,5.6,3.4,4.685714285714285,0.8,0.0,0.1142857142857143,0.0,0.0,0.0,35.0,27.8,32.457142857142856,26.1,16.1,22.071428571428573
132,Boston,201328,5.7,2.2,3.642857142857143,4.3,0.0,0.7,0.0,0.0,0.0,33.9,22.2,26.97142857142857,22.8,18.3,19.685714285714287
133,Boston,201329,6.7,2.9,4.4,0.3,0.0,0.08571428571428572,0.0,0.0,0.0,37.2,26.1,33.41428571428572,26.1,20.0,23.728571428571428
134,Boston,201330,5.0,2.7,3.7714285714285714,44.7,0.0,11.042857142857143,0.0,0.0,0.0,31.1,18.9,25.314285714285713,20.0,15.6,18.185714285714287
135,Boston,201331,5.3,3.0,3.971428571428571,8.4,0.0,1.6714285714285713,0.0,0.0,0.0,29.4,26.1,27.7,20.0,18.3,19.12857142857143
136,Boston,201332,5.3,3.1,4.414285714285714,41.1,0.0,6.128571428571428,0.0,0.0,0.0,29.4,23.3,26.17142857142857,21.7,15.0,17.685714285714287
137,Boston,201333,6.3,2.4,3.7714285714285714,0.0,0.0,0.0,0.0,0.0,0.0,28.9,22.8,25.32857142857143,18.9,15.6,17.385714285714283
138,Boston,201334,5.5,3.0,4.0285714285714285,0.0,0.0,0.0,0.0,0.0,0.0,31.7,22.2,28.428571428571427,21.1,15.6,18.5
139,Boston,201335,5.0,2.2,3.7285714285714286,9.7,0.0,1.4714285714285713,0.0,0.0,0.0,28.9,19.4,25.47142857142857,21.1,16.1,18.485714285714288
140,Boston,201336,5.9,3.2,4.328571428571428,9.7,0.0,1.7142857142857142,0.0,0.0,0.0,27.8,21.1,25.400000000000002,20.6,11.1,15.385714285714286
141,Boston,201337,5.1,3.0,4.285714285714286,14.5,0.0,3.6000000000000005,0.0,0.0,0.0,36.1,20.0,25.87142857142857,20.0,11.1,15.385714285714286
142,Boston,201338,5.9,2.4,4.014285714285714,9.4,0.0,1.342857142857143,0.0,0.0,0.0,25.0,15.6,21.685714285714287,13.9,6.7,11.285714285714286
143,Boston,201339,5.8,1.7,3.542857142857143,0.0,0.0,0.0,0.0,0.0,0.0,20.6,16.7,18.414285714285715,13.9,8.3,11.357142857142858
144,Boston,201340,5.1,1.3,3.0428571428571423,7.9,0.0,1.242857142857143,0.0,0.0,0.0,27.8,16.7,21.74285714285714,16.7,10.6,13.971428571428572
145,Boston,201341,5.5,3.2,4.328571428571428,2.8,0.0,0.39999999999999997,0.0,0.0,0.0,25.6,16.1,18.414285714285715,15.6,8.9,11.028571428571428
146,Boston,201342,5.5,2.3,3.7142857142857144,0.8,0.0,0.18571428571428572,0.0,0.0,0.0,22.8,16.1,18.814285714285713,13.3,6.7,10.471428571428572
147,Boston,201343,6.1,2.6,4.742857142857143,0.8,0.0,0.1142857142857143,0.0,0.0,0.0,21.7,11.1,15.085714285714285,8.9,2.8,6.2
148,Boston,201344,9.4,1.7,4.328571428571428,1.3,0.0,0.5285714285714286,0.0,0.0,0.0,22.2,9.4,15.242857142857142,15.6,1.1,5.8
149,Boston,201345,6.2,3.3,4.928571428571429,5.6,0.0,0.9142857142857143,0.0,0.0,0.0,20.0,5.6,11.9,6.1,-0.5,3.114285714285714
150,Boston,201346,6.1,1.5,4.371428571428572,2.0,0.0,0.42857142857142855,0.0,0.0,0.0,16.7,3.3,11.514285714285714,5.0,-3.2,1.457142857142857
151,Boston,201347,10.0,2.2,5.757142857142857,6.4,0.0,1.457142857142857,0.0,0.0,0.0,19.4,-0.5,8.971428571428572,10.0,-6.0,0.8428571428571427
152,Boston,201348,7.9,2.7,5.071428571428571,45.5,0.0,7.8428571428571425,0.0,0.0,0.0,16.7,1.1,5.728571428571429,3.9,-7.7,-2.414285714285714
153,Boston,201349,4.8,1.8,3.314285714285714,7.6,0.0,1.457142857142857,3.0,0.0,0.42857142857142855,13.9,0.0,7.857142857142857,2.8,-2.7,1.0571428571428572
154,Boston,201350,8.4,4.7,5.985714285714286,16.3,0.0,4.942857142857143,81.0,0.0,17.714285714285715,6.1,-2.7,1.2142857142857142,-2.7,-11.6,-6.171428571428572
155,Boston,201351,6.2,3.4,4.8,13.5,0.0,1.9714285714285715,163.0,0.0,23.285714285714285,12.2,-2.1,5.742857142857142,5.0,-12.7,-3.1999999999999997
156,Boston,201352,5.2,2.6,4.057142857142857,33.5,0.0,7.442857142857143,8.0,0.0,1.1428571428571428,8.9,-2.1,3.7428571428571433,0.6,-9.3,-3.0
157,Boston,201401,7.8,3.6,5.557142857142857,9.7,0.0,2.2142857142857144,269.0,0.0,54.714285714285715,6.7,-9.9,-1.5142857142857145,-4.3,-16.6,-11.171428571428573
158,Boston,201402,8.8,2.2,5.571428571428571,13.7,0.0,3.1857142857142855,5.0,0.0,0.7142857142857143,15.0,-5.5,5.028571428571429,2.8,-13.8,-5.571428571428571
159,Boston,201403,6.6,1.4,3.7285714285714286,20.1,0.0,5.857142857142857,51.0,0.0,8.0,10.6,1.7,6.6,6.7,-1.0,1.157142857142857
160,Boston,201404,7.7,5.2,6.542857142857143,2.8,0.0,0.39999999999999997,99.0,0.0,15.714285714285714,5.0,-7.7,-2.6285714285714286,-3.2,-14.3,-10.685714285714285
161,Boston,201405,6.2,3.0,4.5,0.5,0.0,0.18571428571428572,0.0,0.0,0.0,12.8,-6.0,3.3000000000000003,0.0,-10.5,-5.8
162,Boston,201406,4.8,2.7,3.9714285714285715,28.2,0.0,4.757142857142857,272.0,0.0,45.857142857142854,5.0,-2.1,0.2285714285714285,-2.7,-7.7,-5.685714285714285
163,Boston,201407,8.9,3.4,6.0,34.3,0.0,7.299999999999999,91.0,0.0,26.857142857142858,2.8,-4.9,-0.3428571428571429,-1.6,-13.2,-6.414285714285714
164,Boston,201408,6.6,2.7,4.6000000000000005,6.4,0.0,2.8000000000000003,64.0,0.0,9.142857142857142,11.1,-1.6,5.571428571428571,1.1,-9.9,-3.1285714285714286
165,Boston,201409,7.3,3.1,4.928571428571429,0.5,0.0,0.07142857142857142,10.0,0.0,1.4285714285714286,7.2,-3.8,1.0571428571428572,-1.0,-12.1,-7.357142857142857
166,Boston,201410,5.2,2.1,3.8000000000000003,0.0,0.0,0.0,3.0,0.0,0.42857142857142855,12.8,-3.8,1.8714285714285717,-1.0,-11.6,-7.214285714285714
167,Boston,201411,8.2,2.2,5.414285714285714,10.9,0.0,1.9285714285714288,38.0,0.0,7.571428571428571,15.6,2.8,7.642857142857143,3.3,-8.8,-2.4
168,Boston,201412,7.5,3.7,5.285714285714286,7.4,0.0,1.0571428571428572,0.0,0.0,0.0,13.9,-2.7,5.971428571428572,2.8,-8.8,-3.1142857142857143
169,Boston,201413,11.6,4.5,6.8428571428571425,56.6,0.0,11.671428571428573,0.0,0.0,0.0,15.6,0.6,6.685714285714285,3.9,-8.2,-2.3857142857142857
170,Boston,201414,6.0,2.5,4.557142857142857,11.2,0.0,3.371428571428571,0.0,0.0,0.0,15.0,5.6,9.685714285714285,3.3,1.1,1.9857142857142858
171,Boston,201415,6.2,3.4,4.742857142857143,17.0,0.0,2.857142857142857,0.0,0.0,0.0,20.6,15.0,17.47142857142857,9.4,1.1,5.857142857142857
172,Boston,201416,10.6,3.9,6.6571428571428575,15.7,0.0,3.5428571428571423,8.0,0.0,1.1428571428571428,23.9,4.4,12.457142857142857,13.9,-0.5,3.5142857142857147
173,Boston,201417,9.3,2.9,5.185714285714285,5.8,0.0,2.2857142857142856,0.0,0.0,0.0,22.8,8.3,14.928571428571429,8.3,2.2,5.8
174,Boston,201418,7.6,2.5,5.3,15.7,0.0,3.557142857142857,0.0,0.0,0.0,20.6,6.7,14.057142857142859,10.0,5.0,7.557142857142857
175,Boston,201419,6.1,1.9,4.314285714285714,8.6,0.0,1.2285714285714284,0.0,0.0,0.0,26.7,15.0,20.342857142857145,16.7,8.3,10.87142857142857
176,Boston,201420,6.2,3.9,4.8,16.5,0.0,2.5714285714285716,0.0,0.0,0.0,29.4,11.1,20.942857142857143,15.0,7.8,11.585714285714285
177,Boston,201421,5.9,3.1,3.9,6.4,0.0,1.8285714285714287,0.0,0.0,0.0,20.6,13.9,17.542857142857144,11.7,10.6,11.114285714285714
178,Boston,201422,6.7,3.4,4.585714285714286,12.2,0.0,2.4714285714285715,0.0,0.0,0.0,26.1,10.0,18.17142857142857,12.8,6.1,9.457142857142857
179,Boston,201423,4.9,2.8,3.8285714285714287,19.8,0.0,3.342857142857143,0.0,0.0,0.0,28.3,15.6,22.857142857142858,19.4,12.8,14.757142857142858
180,Boston,201424,5.5,3.4,4.485714285714286,21.6,0.0,5.085714285714286,0.0,0.0,0.0,27.2,17.2,22.7,18.9,14.4,15.299999999999999
181,Boston,201425,6.4,3.1,4.642857142857143,0.5,0.0,0.07142857142857142,0.0,0.0,0.0,30.6,21.7,25.97142857142857,20.0,13.9,16.82857142857143
182,Boston,201426,6.6,3.0,4.4,7.1,0.0,1.0142857142857142,0.0,0.0,0.0,31.7,22.2,27.385714285714283,18.9,15.0,15.971428571428572
183,Boston,201427,7.6,3.6,5.914285714285714,47.8,0.0,9.114285714285714,0.0,0.0,0.0,33.3,24.4,30.0,22.8,15.0,19.071428571428573
184,Boston,201428,6.9,3.0,5.214285714285714,2.0,0.0,0.2857142857142857,0.0,0.0,0.0,33.3,22.8,28.885714285714283,22.8,16.7,19.857142857142858
185,Boston,201429,4.8,2.3,3.6,21.6,0.0,5.514285714285714,0.0,0.0,0.0,30.0,22.2,25.685714285714283,21.7,16.1,19.285714285714285
186,Boston,201430,5.8,2.6,4.157142857142857,8.9,0.0,1.2714285714285716,0.0,0.0,0.0,33.3,22.8,27.928571428571427,21.7,16.1,17.942857142857143
187,Boston,201431,4.7,2.3,3.5428571428571423,2.8,0.0,0.5142857142857142,0.0,0.0,0.0,28.9,21.1,25.557142857142857,18.3,16.7,17.385714285714286
188,Boston,201432,4.3,3.4,3.642857142857143,0.3,0.0,0.08571428571428572,0.0,0.0,0.0,29.4,25.6,27.228571428571428,21.1,16.1,18.571428571428573
189,Boston,201433,6.4,3.6,4.571428571428571,26.9,0.0,3.8428571428571425,0.0,0.0,0.0,28.9,20.6,25.571428571428573,18.3,15.6,17.15714285714286
190,Boston,201434,4.6,2.3,3.4428571428571426,2.0,0.0,0.2857142857142857,0.0,0.0,0.0,26.1,22.2,23.314285714285713,17.2,15.0,16.114285714285714
191,Boston,201435,6.0,3.0,4.871428571428572,13.7,0.0,2.0285714285714285,0.0,0.0,0.0,32.8,21.7,27.77142857142857,19.4,14.4,17.599999999999998
192,Boston,201436,6.5,3.4,4.514285714285714,5.6,0.0,1.3857142857142857,0.0,0.0,0.0,33.9,24.4,30.214285714285715,22.2,17.2,20.314285714285713
193,Boston,201437,5.9,3.5,4.457142857142857,3.3,0.0,0.4714285714285714,0.0,0.0,0.0,26.7,18.9,21.2,16.7,11.1,14.214285714285714
194,Boston,201438,5.1,2.1,3.5,0.3,0.0,0.04285714285714286,0.0,0.0,0.0,27.8,13.3,20.87142857142857,17.2,7.8,11.428571428571429
195,Boston,201439,6.8,2.2,3.442857142857143,0.0,0.0,0.0,0.0,0.0,0.0,30.6,16.7,22.785714285714285,15.6,10.0,12.714285714285714
196,Boston,201440,7.2,3.4,4.8428571428571425,29.5,0.0,6.771428571428572,0.0,0.0,0.0,23.3,12.8,15.785714285714286,13.9,8.9,11.585714285714285
197,Boston,201441,6.4,2.2,4.5,7.9,0.0,1.2142857142857142,0.0,0.0,0.0,22.8,12.2,18.32857142857143,14.4,6.1,9.842857142857143
198,Boston,201442,6.4,3.4,4.785714285714286,16.0,0.0,2.2857142857142856,0.0,0.0,0.0,27.2,13.3,21.114285714285717,16.1,6.1,12.22857142857143
199,Boston,201443,11.1,3.3,6.5,57.2,0.0,11.514285714285716,0.0,0.0,0.0,17.8,11.1,14.357142857142858,10.0,3.9,8.014285714285714
200,Boston,201444,9.3,1.7,5.0,15.0,0.0,3.3428571428571425,0.0,0.0,0.0,23.3,5.6,14.042857142857143,11.1,1.1,6.585714285714286
201,Boston,201445,6.5,2.3,4.3,15.0,0.0,2.142857142857143,0.0,0.0,0.0,18.9,8.9,12.385714285714286,8.3,1.7,5.071428571428571
202,Boston,201446,5.0,2.2,3.3000000000000003,5.8,0.0,1.042857142857143,0.0,0.0,0.0,17.2,4.4,10.557142857142855,7.8,-1.6,2.5
203,Boston,201447,7.2,2.6,5.757142857142857,41.7,0.0,5.957142857142857,0.0,0.0,0.0,15.0,2.2,7.314285714285715,5.6,-4.3,-0.8714285714285716
204,Boston,201448,6.6,3.2,5.2,36.6,0.0,6.714285714285714,58.0,0.0,9.428571428571429,18.3,1.1,9.285714285714286,8.9,-4.9,1.0
205,Boston,201449,6.7,3.6,5.485714285714286,27.7,0.0,6.828571428571428,0.0,0.0,0.0,17.8,3.3,8.028571428571428,3.9,-6.0,0.057142857142857065
206,Boston,201450,8.8,4.4,5.8,73.7,0.0,11.728571428571428,8.0,0.0,1.1428571428571428,9.4,-1.6,5.328571428571428,3.3,-7.7,-0.8428571428571429
207,Boston,201451,6.1,1.9,4.128571428571428,10.9,0.0,1.6,0.0,0.0,0.0,9.4,2.2,5.085714285714286,5.0,-2.7,0.5142857142857143
208,Boston,201452,6.3,2.9,4.728571428571429,14.2,0.0,3.6857142857142855,0.0,0.0,0.0,15.0,6.7,10.0,6.7,0.6,4.057142857142857
209,Boston,201501,6.4,3.7,4.7,15.7,0.0,4.314285714285714,36.0,0.0,5.142857142857143,11.1,-1.0,3.2142857142857144,1.7,-6.6,-3.2714285714285714
210,Boston,201502,9.9,3.9,6.1571428571428575,0.5,0.0,0.1142857142857143,5.0,0.0,1.4285714285714286,10.0,-7.7,-1.8142857142857143,-7.1,-18.2,-10.828571428571427
211,Boston,201503,7.0,3.9,4.771428571428571,5.1,0.0,1.6999999999999997,20.0,0.0,2.857142857142857,10.6,-5.5,1.3,0.6,-12.7,-7.285714285714286
212,Boston,201504,6.8,3.0,4.928571428571429,18.0,0.0,2.5714285714285716,130.0,0.0,18.571428571428573,7.8,1.1,3.257142857142857,0.0,-7.1,-3.1
213,Boston,201505,9.9,1.9,6.457142857142857,24.1,0.0,4.242857142857143,561.0,0.0,96.42857142857143,1.1,-7.1,-2.6999999999999997,-7.1,-12.1,-10.542857142857143
214,Boston,201506,8.1,4.2,5.8,19.8,0.0,4.8,411.0,0.0,91.71428571428571,3.3,-6.0,-1.3857142857142857,-8.8,-14.9,-12.042857142857143
215,Boston,201507,9.3,2.4,5.685714285714285,22.4,0.0,5.785714285714286,376.0,0.0,120.42857142857143,-1.0,-6.6,-3.242857142857143,-8.8,-18.8,-12.442857142857141
216,Boston,201508,8.8,2.3,5.228571428571429,4.3,0.0,1.3428571428571427,61.0,0.0,15.285714285714286,3.9,-7.1,-2.314285714285714,-2.1,-19.3,-12.028571428571428
217,Boston,201509,6.5,2.7,4.271428571428571,4.3,0.0,0.9428571428571428,48.0,0.0,14.428571428571429,1.7,-7.1,-2.0714285714285716,-8.2,-16.6,-11.642857142857142
218,Boston,201510,6.4,3.8,4.942857142857143,6.6,0.0,1.0571428571428572,41.0,0.0,6.571428571428571,6.1,-4.3,2.5714285714285716,0.6,-12.7,-6.014285714285714
219,Boston,201511,7.6,3.0,4.971428571428571,20.3,0.0,4.142857142857143,74.0,0.0,10.571428571428571,13.9,3.9,7.3,2.8,-4.3,-1.7428571428571427
220,Boston,201512,9.7,1.6,5.642857142857143,3.6,0.0,1.0285714285714287,30.0,0.0,6.142857142857143,10.6,-1.0,3.8285714285714283,-2.1,-7.1,-4.414285714285714
221,Boston,201513,6.8,2.4,4.328571428571428,20.3,0.0,4.228571428571429,8.0,0.0,1.1428571428571428,13.3,0.6,5.957142857142857,3.3,-7.7,-2.0714285714285716
222,Boston,201514,7.3,4.5,5.8428571428571425,9.9,0.0,1.5285714285714287,0.0,0.0,0.0,16.1,7.2,11.014285714285714,7.2,-1.0,1.3142857142857143
223,Boston,201515,7.6,3.6,5.371428571428572,6.6,0.0,1.7142857142857142,0.0,0.0,0.0,20.0,2.8,9.471428571428572,5.6,0.6,2.542857142857143
224,Boston,201516,5.9,3.9,5.0,1.5,0.0,0.2571428571428572,0.0,0.0,0.0,20.6,10.0,16.82857142857143,11.1,5.0,7.214285714285714
225,Boston,201517,7.1,2.9,5.528571428571429,15.5,0.0,4.171428571428572,0.0,0.0,0.0,19.4,10.0,13.642857142857142,7.8,2.2,4.757142857142857
226,Boston,201518,6.4,3.1,4.257142857142857,2.5,0.0,0.6142857142857142,0.0,0.0,0.0,19.4,9.4,13.642857142857142,8.9,3.9,6.2
227,Boston,201519,6.0,3.4,4.814285714285715,0.5,0.0,0.07142857142857142,0.0,0.0,0.0,31.7,21.1,24.857142857142858,15.0,7.8,10.714285714285714
228,Boston,201520,6.4,2.9,4.128571428571428,0.5,0.0,0.07142857142857142,0.0,0.0,0.0,30.6,19.4,22.714285714285715,12.8,8.9,10.4
229,Boston,201521,7.0,4.3,5.457142857142857,6.9,0.0,0.9857142857142858,0.0,0.0,0.0,28.3,14.4,20.285714285714285,11.1,6.7,9.528571428571428
230,Boston,201522,7.3,3.6,5.928571428571429,23.1,0.0,3.3000000000000003,0.0,0.0,0.0,31.1,22.2,27.928571428571427,18.3,8.9,14.914285714285715
231,Boston,201523,6.1,2.8,4.042857142857143,18.8,0.0,4.4,0.0,0.0,0.0,19.4,9.4,14.328571428571427,11.7,7.8,9.514285714285714
232,Boston,201524,7.4,3.8,5.2,0.0,0.0,0.0,0.0,0.0,0.0,31.1,23.3,26.814285714285713,18.3,11.7,16.685714285714287
233,Boston,201525,4.6,2.1,3.7571428571428567,43.7,0.0,7.842857142857143,0.0,0.0,0.0,30.0,17.2,23.17142857142857,17.2,12.2,14.514285714285714
234,Boston,201526,8.0,2.6,4.414285714285714,36.3,0.0,5.957142857142856,0.0,0.0,0.0,31.1,15.0,24.2,19.4,11.1,15.557142857142859
235,Boston,201527,5.0,2.0,3.5285714285714285,13.7,0.0,1.957142857142857,0.0,0.0,0.0,28.3,22.2,25.314285714285713,17.8,11.7,15.971428571428572
236,Boston,201528,5.0,3.2,3.957142857142857,28.4,0.0,4.671428571428572,0.0,0.0,0.0,31.7,20.6,27.47142857142857,22.2,15.6,19.12857142857143
237,Boston,201529,5.0,2.9,4.0,3.6,0.0,0.6285714285714287,0.0,0.0,0.0,32.2,20.0,26.042857142857144,21.7,15.0,18.17142857142857
238,Boston,201530,5.2,2.9,3.857142857142857,0.3,0.0,0.04285714285714286,0.0,0.0,0.0,33.3,20.6,27.3,21.1,16.7,19.285714285714285
239,Boston,201531,6.4,3.3,4.5285714285714285,1.5,0.0,0.2857142857142857,0.0,0.0,0.0,33.3,30.0,31.585714285714285,23.3,20.0,21.271428571428572
240,Boston,201532,5.7,2.8,4.128571428571428,12.4,0.0,1.7714285714285716,0.0,0.0,0.0,32.2,22.8,27.3,20.0,16.1,18.014285714285712
241,Boston,201533,4.6,3.0,3.857142857142857,21.1,0.0,3.3000000000000003,0.0,0.0,0.0,32.8,22.2,28.957142857142856,20.0,17.2,18.642857142857142
242,Boston,201534,4.8,2.6,3.585714285714286,16.0,0.0,2.8714285714285714,0.0,0.0,0.0,32.8,21.7,27.557142857142857,21.7,19.4,20.471428571428568
243,Boston,201535,4.5,2.7,3.6,0.0,0.0,0.0,0.0,0.0,0.0,31.1,23.9,27.3,20.6,17.2,19.12857142857143
244,Boston,201536,5.0,2.5,4.014285714285714,0.3,0.0,0.04285714285714286,0.0,0.0,0.0,32.8,22.2,27.385714285714283,21.7,14.4,18.5
245,Boston,201537,5.7,2.9,4.4,16.8,0.0,5.171428571428572,0.0,0.0,0.0,35.6,18.9,27.400000000000002,22.2,15.6,18.728571428571428
246,Boston,201538,6.8,3.1,4.414285714285714,0.0,0.0,0.0,0.0,0.0,0.0,31.7,22.2,27.057142857142857,18.3,13.9,16.514285714285712
247,Boston,201539,4.8,2.5,3.8000000000000003,0.0,0.0,0.0,0.0,0.0,0.0,23.3,17.2,19.442857142857143,14.4,8.9,11.9
248,Boston,201540,10.0,3.0,6.828571428571428,62.5,0.0,9.4,0.0,0.0,0.0,28.9,12.2,18.97142857142857,18.3,9.4,12.528571428571428
249,Boston,201541,6.6,2.5,4.414285714285714,8.6,0.0,1.2285714285714284,0.0,0.0,0.0,22.2,16.1,18.728571428571428,11.1,8.9,9.771428571428572
250,Boston,201542,5.6,3.4,4.571428571428571,3.0,0.0,0.42857142857142855,0.0,0.0,0.0,24.4,8.3,17.285714285714285,12.8,0.6,8.185714285714287
251,Boston,201543,6.0,2.6,4.5,1.8,0.0,0.37142857142857144,0.0,0.0,0.0,22.8,8.9,15.471428571428572,11.7,-0.5,6.5857142857142845
252,Boston,201544,7.6,2.6,5.042857142857143,18.5,0.0,3.942857142857143,0.0,0.0,0.0,23.9,11.1,15.62857142857143,13.9,3.3,6.671428571428572
253,Boston,201545,6.5,3.0,4.628571428571428,0.0,0.0,0.0,0.0,0.0,0.0,24.4,13.3,19.614285714285717,16.7,6.7,10.242857142857144
254,Boston,201546,8.0,3.3,5.3428571428571425,13.7,0.0,2.4,0.0,0.0,0.0,15.6,8.3,12.385714285714286,7.8,2.8,5.814285714285715
255,Boston,201547,5.7,2.8,3.8428571428571425,21.8,0.0,4.2,0.0,0.0,0.0,16.1,7.2,11.342857142857143,6.7,-0.5,3.185714285714286
256,Boston,201548,6.4,2.7,4.514285714285714,5.3,0.0,0.9,0.0,0.0,0.0,17.8,5.6,10.585714285714285,8.9,-1.6,1.9428571428571428
257,Boston,201549,6.3,1.7,3.7142857142857144,8.1,0.0,1.6714285714285713,0.0,0.0,0.0,15.0,3.3,9.685714285714285,5.0,-2.1,2.314285714285714
258,Boston,201550,4.7,2.2,3.3285714285714287,0.0,0.0,0.0,0.0,0.0,0.0,16.1,6.7,12.057142857142859,9.4,2.8,5.3999999999999995
259,Boston,201551,6.9,1.9,4.557142857142857,14.0,0.0,4.357142857142857,0.0,0.0,0.0,16.1,4.4,10.142857142857142,8.9,-0.5,3.985714285714286
260,Boston,201552,7.2,2.5,3.7714285714285714,19.3,0.0,5.3999999999999995,0.0,0.0,0.0,20.6,10.0,14.385714285714286,9.4,0.0,6.1000000000000005
261,Boston,201553,8.1,2.8,5.385714285714286,25.9,0.0,4.1,23.0,0.0,3.2857142857142856,8.3,2.8,4.985714285714286,0.6,-4.3,-1.3571428571428572
262,Boston,201601,6.7,2.7,4.528571428571429,35.1,0.0,5.057142857142857,0.0,0.0,0.0,14.4,-3.2,5.328571428571428,3.3,-13.2,-3.814285714285714
263,Boston,201602,8.8,2.9,5.385714285714286,31.0,0.0,5.071428571428571,33.0,0.0,5.857142857142857,10.6,-1.0,4.0,1.1,-6.0,-3.642857142857143
264,Boston,201603,9.8,5.0,7.3,9.4,0.0,1.742857142857143,155.0,0.0,28.714285714285715,2.2,-3.8,-0.2857142857142857,-6.0,-8.8,-7.2
265,Boston,201604,6.4,3.2,4.757142857142857,0.0,0.0,0.0,0.0,0.0,0.0,13.9,1.7,7.157142857142857,3.3,-3.2,-0.8714285714285716
266,Boston,201605,6.5,3.1,5.085714285714286,24.4,0.0,4.728571428571429,173.0,0.0,24.714285714285715,18.3,1.7,10.0,6.1,-4.3,0.5999999999999999
267,Boston,201606,9.5,2.8,6.142857142857143,13.5,0.0,1.9714285714285715,163.0,0.0,24.857142857142858,3.3,-11.0,-2.314285714285714,-6.6,-22.7,-12.614285714285714
268,Boston,201607,6.4,2.8,5.028571428571429,16.8,0.0,3.385714285714286,33.0,0.0,5.142857142857143,15.6,1.7,7.714285714285714,5.6,-15.5,-2.8000000000000003
269,Boston,201608,9.9,3.7,6.371428571428572,20.6,0.0,5.085714285714286,0.0,0.0,0.0,16.7,3.9,9.12857142857143,5.0,-6.0,-0.4142857142857143
270,Boston,201609,8.6,3.1,5.514285714285714,9.4,0.0,1.385714285714286,13.0,0.0,1.8571428571428572,17.8,-0.5,6.6000000000000005,6.1,-6.0,-1.6714285714285715
271,Boston,201610,6.0,3.1,4.5,10.2,0.0,1.7857142857142858,0.0,0.0,0.0,25.0,8.9,15.171428571428569,8.3,-1.0,4.042857142857144
272,Boston,201611,7.6,3.7,5.671428571428572,29.0,0.0,5.457142857142857,0.0,0.0,0.0,17.8,1.7,8.72857142857143,6.1,-3.2,2.414285714285714
273,Boston,201612,7.3,2.9,4.942857142857143,5.6,0.0,1.3857142857142857,91.0,0.0,13.0,17.2,5.6,8.414285714285715,5.6,-2.1,1.6142857142857143
274,Boston,201613,10.2,4.0,6.985714285714286,12.4,0.0,4.6000000000000005,48.0,0.0,6.857142857142857,21.7,6.1,13.9,15.0,-1.6,4.685714285714285
275,Boston,201614,7.4,4.4,5.557142857142857,26.2,0.0,5.228571428571428,119.0,0.0,17.0,14.4,-1.0,7.242857142857143,5.6,-5.5,-0.8142857142857143
276,Boston,201615,7.5,3.4,5.485714285714286,5.6,0.0,0.8428571428571427,0.0,0.0,0.0,15.6,9.4,12.457142857142857,6.1,3.3,4.357142857142857
277,Boston,201616,5.5,3.5,4.128571428571428,2.3,0.0,0.39999999999999997,0.0,0.0,0.0,25.6,10.0,17.228571428571428,14.4,5.6,7.714285714285714
278,Boston,201617,6.0,2.0,4.385714285714285,6.9,0.0,1.342857142857143,0.0,0.0,0.0,16.7,10.6,12.642857142857142,6.7,2.8,4.928571428571429
279,Boston,201618,7.3,2.2,4.7,12.2,0.0,4.457142857142857,0.0,0.0,0.0,17.2,8.3,11.114285714285714,7.8,6.1,7.071428571428571
280,Boston,201619,8.7,3.3,5.171428571428572,2.8,0.0,0.39999999999999997,0.0,0.0,0.0,25.0,16.1,20.557142857142857,15.0,7.2,10.542857142857143
281,Boston,201620,8.5,3.0,4.571428571428571,0.0,0.0,0.0,0.0,0.0,0.0,24.4,15.0,18.5,11.7,5.6,9.771428571428572
282,Boston,201621,4.6,2.6,3.542857142857143,6.6,0.0,0.9428571428571428,0.0,0.0,0.0,33.3,15.0,25.157142857142855,19.4,10.6,13.328571428571427
283,Boston,201622,5.1,2.9,3.8714285714285714,28.7,0.0,7.3999999999999995,0.0,0.0,0.0,30.6,16.7,22.385714285714283,20.0,11.1,14.842857142857143
284,Boston,201623,7.9,3.1,5.642857142857143,3.8,0.0,0.6142857142857142,0.0,0.0,0.0,30.0,20.0,24.52857142857143,18.3,12.2,14.200000000000001
285,Boston,201624,7.5,3.1,4.8428571428571425,3.0,0.0,0.42857142857142855,0.0,0.0,0.0,29.4,22.2,25.228571428571428,18.9,12.2,14.928571428571429
286,Boston,201625,5.8,2.8,4.385714285714285,0.5,0.0,0.07142857142857142,0.0,0.0,0.0,30.6,22.2,26.2,17.8,15.0,16.12857142857143
287,Boston,201626,6.8,3.8,5.057142857142857,5.1,0.0,1.1285714285714286,0.0,0.0,0.0,30.6,26.1,28.5,20.0,17.8,19.042857142857144
288,Boston,201627,5.3,2.3,3.857142857142857,5.8,0.0,1.6285714285714283,0.0,0.0,0.0,34.4,17.8,24.5,21.7,15.0,17.228571428571428
289,Boston,201628,6.4,3.1,4.242857142857143,0.0,0.0,0.0,0.0,0.0,0.0,35.6,22.2,30.47142857142857,23.9,15.0,19.75714285714286
290,Boston,201629,7.7,3.5,5.0,0.3,0.0,0.04285714285714286,0.0,0.0,0.0,36.7,28.9,32.785714285714285,22.8,18.3,20.3
291,Boston,201630,5.6,3.2,4.1571428571428575,3.8,0.0,0.7571428571428571,0.0,0.0,0.0,34.4,23.3,29.67142857142857,24.4,19.4,21.900000000000002
292,Boston,201631,5.4,3.1,4.414285714285714,1.0,0.0,0.21428571428571427,0.0,0.0,0.0,31.7,23.3,28.02857142857143,22.2,16.7,19.214285714285715
293,Boston,201632,5.9,4.1,4.871428571428572,8.6,0.0,2.7571428571428567,0.0,0.0,0.0,36.7,26.7,31.300000000000004,25.6,20.0,21.685714285714287
294,Boston,201633,6.7,3.4,4.5285714285714285,0.3,0.0,0.04285714285714286,0.0,0.0,0.0,32.2,25.6,29.114285714285717,22.8,18.3,20.400000000000002
295,Boston,201634,6.3,4.1,4.857142857142857,22.6,0.0,3.2285714285714286,0.0,0.0,0.0,32.8,25.6,29.057142857142857,22.8,16.1,19.285714285714285
296,Boston,201635,6.0,3.0,4.571428571428571,0.5,0.0,0.07142857142857142,0.0,0.0,0.0,32.2,21.1,25.228571428571428,20.6,15.6,18.2
297,Boston,201636,8.4,3.3,5.1571428571428575,3.6,0.0,1.042857142857143,0.0,0.0,0.0,33.9,22.2,26.014285714285712,22.8,15.6,18.728571428571428
298,Boston,201637,6.3,4.0,5.1000000000000005,1.5,0.0,0.21428571428571427,0.0,0.0,0.0,32.2,18.9,25.157142857142855,18.9,12.2,15.014285714285714
299,Boston,201638,5.5,2.7,3.8000000000000003,8.6,0.0,2.4285714285714284,0.0,0.0,0.0,28.3,18.9,23.957142857142856,20.6,9.4,15.771428571428572
300,Boston,201639,8.1,2.4,5.8,18.0,0.0,3.957142857142857,0.0,0.0,0.0,22.2,13.9,16.757142857142856,15.0,8.9,12.37142857142857
301,Boston,201640,5.8,2.1,3.585714285714286,46.7,0.0,6.714285714285714,0.0,0.0,0.0,20.0,15.6,18.642857142857142,12.8,8.9,10.4
302,Boston,201641,7.0,3.3,4.5285714285714285,0.0,0.0,0.0,0.0,0.0,0.0,22.2,13.3,17.071428571428573,10.6,5.6,7.8
303,Boston,201642,8.8,3.0,5.1000000000000005,28.2,0.0,5.371428571428572,0.0,0.0,0.0,27.2,14.4,20.714285714285715,16.7,6.7,12.714285714285714
304,Boston,201643,8.4,4.1,5.728571428571429,16.5,0.0,5.042857142857143,0.0,0.0,0.0,18.3,9.4,12.757142857142858,7.8,1.1,5.1000000000000005
305,Boston,201644,5.5,2.6,4.0,2.3,0.0,0.6142857142857142,0.0,0.0,0.0,21.1,10.6,14.214285714285714,10.6,1.1,4.8428571428571425
306,Boston,201645,8.3,2.1,4.771428571428571,0.3,0.0,0.04285714285714286,0.0,0.0,0.0,16.7,8.3,13.114285714285714,6.7,1.1,3.642857142857143
307,Boston,201646,8.0,3.0,4.957142857142857,25.1,0.0,3.985714285714286,0.0,0.0,0.0,18.9,9.4,13.885714285714286,10.6,0.0,5.957142857142857
308,Boston,201647,8.1,2.1,5.0,1.3,0.0,0.3,0.0,0.0,0.0,8.9,3.3,6.8999999999999995,3.9,-1.0,1.3714285714285714
309,Boston,201648,7.0,3.6,5.328571428571428,23.1,0.0,5.985714285714286,0.0,0.0,0.0,14.4,5.6,10.014285714285714,6.1,-0.5,2.4857142857142853
310,Boston,201649,7.2,3.3,4.428571428571429,3.6,0.0,0.8714285714285713,8.0,0.0,1.8571428571428572,6.7,-1.6,3.6714285714285713,2.2,-6.6,-1.7857142857142858
311,Boston,201650,9.8,3.2,5.971428571428571,13.5,0.0,3.857142857142857,109.0,0.0,18.142857142857142,13.9,-6.0,4.071428571428571,1.7,-15.5,-4.771428571428571
312,Boston,201651,5.3,3.5,4.685714285714285,9.7,0.0,1.457142857142857,0.0,0.0,0.0,7.8,0.6,5.0,1.7,-7.7,-2.314285714285714
313,Boston,201652,8.9,4.6,6.266666666666667,29.5,0.0,5.266666666666667,10.0,0.0,1.6666666666666667,14.4,5.0,7.6000000000000005,3.9,-4.3,-1.0333333333333334
314,New York,201052,2.3,1.4,1.8499999999999999,0.3,0.0,0.15,0.0,0.0,0.0,11.7,11.1,11.399999999999999,4.4,1.7,3.0500000000000003
315,New York,201101,5.0,1.2,2.814285714285714,4.8,0.0,0.6857142857142857,43.0,0.0,6.142857142857143,4.4,-0.6,1.5857142857142856,-1.1,-5.0,-2.9285714285714284
316,New York,201102,5.1,2.1,3.5142857142857147,15.5,0.0,3.1285714285714286,155.0,0.0,33.0,3.3,-1.1,0.6285714285714284,-3.3,-7.8,-5.385714285714286
317,New York,201103,4.4,2.5,3.414285714285714,32.3,0.0,6.357142857142857,107.0,0.0,18.857142857142858,5.0,-4.4,0.014285714285714235,1.7,-11.7,-5.871428571428572
318,New York,201104,4.2,1.5,2.2857142857142856,32.8,0.0,7.7142857142857135,312.0,0.0,72.42857142857143,3.9,-4.4,1.3571428571428572,-1.1,-14.4,-4.042857142857143
319,New York,201105,4.0,2.5,3.1142857142857143,17.8,0.0,3.9142857142857146,28.0,0.0,5.857142857142857,7.2,-1.1,2.442857142857143,2.8,-5.6,-2.7857142857142856
320,New York,201106,5.5,2.1,3.5285714285714285,3.3,0.0,0.8714285714285713,0.0,0.0,0.0,7.8,-1.7,3.4,2.2,-9.4,-4.442857142857143
321,New York,201107,7.1,1.9,4.185714285714286,0.0,0.0,0.0,0.0,0.0,0.0,19.4,2.8,11.328571428571427,7.8,-6.1,0.014285714285714362
322,New York,201108,3.7,1.6,2.6399999999999997,33.5,0.0,6.2,81.0,0.0,11.571428571428571,13.9,2.2,6.585714285714286,3.3,-8.9,-2.3857142857142857
323,New York,201109,4.9,2.5,3.7142857142857144,51.3,0.0,8.971428571428572,0.0,0.0,0.0,16.1,0.6,9.857142857142858,10.0,-6.7,0.942857142857143
324,New York,201110,4.8,2.1,4.0,27.2,0.0,7.471428571428571,0.0,0.0,0.0,13.3,7.2,11.042857142857143,5.0,-1.7,2.357142857142857
325,New York,201111,3.9,1.3,2.685714285714286,14.2,0.0,2.0285714285714285,0.0,0.0,0.0,25.0,7.2,14.042857142857143,10.6,1.1,4.128571428571428
326,New York,201112,4.0,2.2,3.257142857142857,22.1,0.0,5.085714285714286,25.0,0.0,3.5714285714285716,10.0,4.4,6.5,4.4,-3.3,-0.3142857142857142
327,New York,201113,4.8,2.0,3.7285714285714286,4.6,0.0,1.1714285714285713,0.0,0.0,0.0,14.4,6.1,9.757142857142856,5.6,-3.3,1.6714285714285713
328,New York,201114,4.7,1.8,2.8000000000000003,4.1,0.0,1.1999999999999997,0.0,0.0,0.0,19.4,9.4,13.942857142857141,7.8,3.3,5.3999999999999995
329,New York,201115,5.5,2.6,4.257142857142857,36.8,0.0,11.799999999999999,0.0,0.0,0.0,27.2,10.0,17.45714285714286,10.0,5.0,7.457142857142857
330,New York,201116,4.6,1.5,2.9,19.1,0.0,4.6571428571428575,0.0,0.0,0.0,26.7,10.6,16.82857142857143,12.2,4.4,7.514285714285714
331,New York,201117,3.2,2.2,2.7142857142857144,7.9,0.0,1.1285714285714286,0.0,0.0,0.0,28.3,19.4,22.7,16.1,10.0,12.842857142857143
332,New York,201118,3.8,2.2,2.742857142857143,12.7,0.0,1.8142857142857143,0.0,0.0,0.0,23.9,17.2,20.7,12.8,7.8,10.328571428571427
333,New York,201119,3.2,1.4,2.314285714285714,22.6,0.0,3.2285714285714286,0.0,0.0,0.0,23.9,17.8,21.2,14.4,11.1,12.214285714285714
334,New York,201120,5.7,0.5,2.7857142857142856,55.4,0.0,12.085714285714285,0.0,0.0,0.0,25.6,14.4,19.057142857142857,15.6,11.1,12.785714285714286
335,New York,201121,2.4,1.6,2.2285714285714286,2.5,0.0,0.35714285714285715,0.0,0.0,0.0,28.9,19.4,26.585714285714285,19.4,12.8,17.842857142857145
336,New York,201122,3.8,1.8,2.5,7.4,0.0,1.0571428571428572,0.0,0.0,0.0,32.2,21.1,27.142857142857142,21.1,13.3,17.314285714285713
337,New York,201123,4.5,1.6,2.3714285714285714,14.0,0.0,2.442857142857143,0.0,0.0,0.0,35.0,22.2,29.042857142857144,22.8,14.4,18.342857142857145
338,New York,201124,2.2,0.8,1.7285714285714284,46.2,0.0,6.971428571428572,0.0,0.0,0.0,28.9,22.2,26.17142857142857,20.6,13.3,16.6
339,New York,201125,2.9,1.4,1.9714285714285713,6.9,0.0,2.042857142857143,0.0,0.0,0.0,27.8,21.1,25.32857142857143,21.7,17.8,19.442857142857143
340,New York,201126,2.2,1.0,1.5142857142857142,21.3,0.0,3.4,0.0,0.0,0.0,30.0,23.3,27.614285714285717,22.2,17.2,19.685714285714287
341,New York,201127,2.0,0.9,1.5571428571428572,10.2,0.0,1.457142857142857,0.0,0.0,0.0,33.3,29.4,30.87142857142857,23.3,19.4,21.099999999999998
342,New York,201128,3.2,1.9,2.5285714285714285,2.8,0.0,0.39999999999999997,0.0,0.0,0.0,33.9,28.9,31.599999999999998,25.6,17.8,21.357142857142858
343,New York,201129,2.6,1.6,1.9714285714285715,2.8,0.0,0.5142857142857142,0.0,0.0,0.0,40.0,31.7,35.4,28.9,23.9,25.485714285714288
344,New York,201130,2.4,1.3,1.8142857142857143,27.4,0.0,5.5857142857142845,0.0,0.0,0.0,32.8,26.7,30.414285714285715,23.3,20.0,21.285714285714285
345,New York,201131,2.6,1.4,1.8285714285714287,19.3,0.0,4.1,0.0,0.0,0.0,34.4,28.9,31.185714285714283,22.8,19.4,21.342857142857145
346,New York,201132,2.4,1.3,1.8142857142857143,147.6,0.0,28.67142857142857,0.0,0.0,0.0,32.2,22.2,28.400000000000002,23.3,17.8,20.642857142857142
347,New York,201133,2.2,0.8,1.6714285714285713,31.5,0.0,9.285714285714286,0.0,0.0,0.0,30.0,25.0,28.014285714285712,21.1,17.8,19.114285714285717
348,New York,201134,6.3,0.9,3.085714285714286,101.3,0.0,26.7,0.0,0.0,0.0,28.3,23.9,25.885714285714283,22.2,16.1,19.67142857142857
349,New York,201135,2.3,1.0,1.6857142857142857,0.0,0.0,0.0,0.0,0.0,0.0,30.0,25.0,27.771428571428572,22.2,15.0,18.085714285714285
350,New York,201136,4.8,1.7,2.8000000000000003,81.8,0.0,19.385714285714283,0.0,0.0,0.0,28.9,20.0,24.928571428571427,22.2,15.6,18.414285714285715
351,New York,201137,3.3,0.9,2.2,1.8,0.0,0.2571428571428572,0.0,0.0,0.0,29.4,18.3,23.557142857142857,21.1,10.6,15.014285714285714
352,New York,201138,2.2,0.4,1.2714285714285716,66.3,0.0,9.971428571428572,0.0,0.0,0.0,26.7,20.0,23.342857142857145,21.1,11.1,18.17142857142857
353,New York,201139,2.6,0.5,1.842857142857143,18.3,0.0,6.1000000000000005,0.0,0.0,0.0,26.7,17.8,22.771428571428572,20.6,10.0,15.871428571428572
354,New York,201140,3.3,0.9,1.5857142857142856,1.3,0.0,0.18571428571428572,0.0,0.0,0.0,28.9,14.4,20.785714285714285,15.6,8.3,10.714285714285714
355,New York,201141,4.5,0.7,2.9714285714285715,25.9,0.0,6.557142857142857,0.0,0.0,0.0,27.2,17.2,20.62857142857143,16.7,12.2,14.271428571428572
356,New York,201142,4.9,0.9,2.7714285714285714,28.4,0.0,4.142857142857143,0.0,0.0,0.0,20.0,13.3,16.9,15.6,8.3,11.742857142857144
357,New York,201143,3.9,1.3,2.5,50.8,0.0,9.585714285714285,74.0,0.0,10.571428571428571,16.7,7.2,12.857142857142858,10.6,0.6,5.328571428571428
358,New York,201144,3.7,0.9,2.1142857142857143,0.0,0.0,0.0,0.0,0.0,0.0,15.0,9.4,12.385714285714286,7.8,2.2,4.8428571428571425
359,New York,201145,3.7,1.0,2.2285714285714286,0.5,0.0,0.14285714285714285,0.0,0.0,0.0,20.0,8.9,16.185714285714287,11.7,3.9,7.857142857142857
360,New York,201146,3.8,1.5,2.8285714285714287,18.5,0.0,2.9,0.0,0.0,0.0,20.6,7.8,14.614285714285714,14.4,2.2,8.22857142857143
361,New York,201147,3.4,1.4,2.457142857142857,29.5,0.0,6.314285714285715,0.0,0.0,0.0,18.3,10.0,14.357142857142858,10.0,2.8,6.671428571428572
362,New York,201148,4.0,1.7,2.742857142857143,11.9,0.0,1.7,0.0,0.0,0.0,21.1,8.3,13.328571428571427,13.3,2.8,6.442857142857143
363,New York,201149,4.1,1.3,2.2857142857142856,42.7,0.0,7.4142857142857155,0.0,0.0,0.0,16.7,3.9,11.200000000000001,13.3,-1.7,4.271428571428571
364,New York,201150,3.6,1.6,2.4,0.0,0.0,0.0,0.0,0.0,0.0,15.0,-0.6,8.571428571428571,8.3,-5.6,1.4142857142857146
365,New York,201151,3.4,2.2,2.6714285714285713,19.1,0.0,3.385714285714286,0.0,0.0,0.0,16.7,2.2,9.671428571428573,8.9,-2.2,2.3857142857142857
366,New York,201152,5.2,1.5,3.2142857142857144,25.9,0.0,3.9285714285714284,0.0,0.0,0.0,13.9,3.3,9.757142857142856,7.8,-4.4,2.457142857142857
367,New York,201201,4.7,2.8,3.6,0.0,0.0,0.0,0.0,0.0,0.0,16.7,-2.8,6.914285714285714,7.8,-10.6,-1.7285714285714284
368,New York,201202,5.1,1.6,3.5,35.1,0.0,5.6,0.0,0.0,0.0,10.0,-2.8,5.228571428571429,5.0,-9.4,-0.942857142857143
369,New York,201203,4.7,2.1,3.5285714285714285,9.9,0.0,2.242857142857143,109.0,0.0,15.571428571428571,12.2,-1.7,4.442857142857142,2.2,-9.4,-5.1571428571428575
370,New York,201204,3.8,1.7,3.1,11.9,0.0,3.6999999999999997,0.0,0.0,0.0,15.0,4.4,9.142857142857142,5.6,0.6,2.6142857142857143
371,New York,201205,3.6,2.3,2.94,0.8,0.0,0.1142857142857143,0.0,0.0,0.0,16.7,4.4,9.285714285714286,8.9,-1.1,2.2285714285714286
372,New York,201206,4.4,1.9,3.0,2.0,0.0,0.37142857142857144,5.0,0.0,0.7142857142857143,10.6,0.0,5.942857142857143,3.3,-6.7,-0.4142857142857143
373,New York,201207,3.6,1.6,2.585714285714286,4.8,0.0,0.9857142857142857,0.0,0.0,0.0,10.0,6.7,7.871428571428572,5.0,-2.2,2.0714285714285716
374,New York,201208,6.7,2.9,3.9,15.2,0.0,2.1714285714285713,0.0,0.0,0.0,14.4,7.2,9.442857142857141,7.8,-1.7,2.0571428571428574
375,New York,201209,3.6,0.9,2.142857142857143,9.4,0.0,2.8285714285714287,0.0,0.0,0.0,15.0,5.0,8.814285714285715,5.6,0.6,3.0142857142857147
376,New York,201210,3.9,3.0,3.4285714285714284,0.5,0.0,0.07142857142857142,0.0,0.0,0.0,21.7,6.1,13.114285714285714,11.7,-3.9,1.6714285714285713
377,New York,201211,3.0,1.3,2.0714285714285716,1.0,0.0,0.2571428571428572,0.0,0.0,0.0,23.3,10.6,17.47142857142857,12.2,6.1,8.242857142857144
378,New York,201212,3.4,1.3,2.1,1.5,0.0,0.2571428571428572,0.0,0.0,0.0,25.6,11.1,20.7,14.4,7.2,11.814285714285715
379,New York,201213,4.0,1.1,2.6571428571428575,13.0,0.0,3.2714285714285714,0.0,0.0,0.0,19.4,6.1,12.77142857142857,6.7,-1.1,3.7285714285714286
380,New York,201214,3.5,2.3,2.857142857142857,1.0,0.0,0.14285714285714285,0.0,0.0,0.0,20.0,13.9,16.657142857142855,8.3,3.3,5.3
381,New York,201215,4.9,1.5,2.342857142857143,0.0,0.0,0.0,0.0,0.0,0.0,25.0,11.7,18.1,14.4,6.1,8.471428571428572
382,New York,201216,3.9,0.9,2.3428571428571425,62.2,0.0,9.871428571428572,0.0,0.0,0.0,31.1,12.2,21.442857142857143,18.3,7.8,12.042857142857143
383,New York,201217,4.2,1.0,2.685714285714286,5.6,0.0,1.0571428571428572,0.0,0.0,0.0,17.2,12.2,15.157142857142857,7.2,3.3,5.557142857142857
384,New York,201218,2.6,0.9,1.5999999999999999,15.7,0.0,4.585714285714286,0.0,0.0,0.0,22.8,11.7,17.3,13.3,6.1,10.557142857142859
385,New York,201219,2.6,1.3,2.0,8.4,0.0,2.0714285714285716,0.0,0.0,0.0,27.2,17.8,21.2,17.2,9.4,12.457142857142857
386,New York,201220,2.7,0.9,1.7285714285714284,13.7,0.0,2.2857142857142856,0.0,0.0,0.0,26.7,18.3,23.099999999999998,17.2,11.7,14.12857142857143
387,New York,201221,3.2,0.7,1.7,35.6,0.0,9.757142857142858,0.0,0.0,0.0,28.9,16.7,22.942857142857143,19.4,13.9,16.685714285714287
388,New York,201222,3.6,1.2,2.157142857142857,9.9,0.0,3.1714285714285713,0.0,0.0,0.0,31.7,23.3,26.5,21.7,14.4,18.257142857142856
389,New York,201223,3.4,0.7,1.542857142857143,4.6,0.0,0.7857142857142857,0.0,0.0,0.0,28.9,17.2,23.5,18.9,10.6,14.528571428571427
390,New York,201224,2.7,1.8,2.2714285714285714,25.9,0.0,4.857142857142857,0.0,0.0,0.0,26.7,20.6,24.142857142857142,18.3,14.4,16.6
391,New York,201225,2.1,1.2,1.5142857142857142,8.9,0.0,1.4857142857142858,0.0,0.0,0.0,34.4,22.2,29.428571428571427,26.1,13.9,19.842857142857145
392,New York,201226,3.0,1.6,2.242857142857143,5.3,0.0,1.3,0.0,0.0,0.0,34.4,22.2,29.428571428571427,25.0,14.4,19.442857142857143
393,New York,201227,2.3,1.2,1.7,12.7,0.0,2.357142857142857,0.0,0.0,0.0,36.1,31.1,33.48571428571428,25.0,21.1,22.37142857142857
394,New York,201228,1.9,1.2,1.5142857142857142,6.6,0.0,0.9428571428571428,0.0,0.0,0.0,31.7,29.4,30.642857142857142,23.3,20.6,22.0
395,New York,201229,3.3,1.1,1.957142857142857,44.7,0.0,8.557142857142859,0.0,0.0,0.0,37.8,22.2,29.52857142857143,23.3,16.1,19.671428571428574
396,New York,201230,2.9,1.6,2.1285714285714286,15.2,0.0,3.414285714285714,0.0,0.0,0.0,32.8,26.7,29.685714285714287,23.3,19.4,20.87142857142857
397,New York,201231,2.7,1.0,1.5714285714285714,16.3,0.0,3.1285714285714286,0.0,0.0,0.0,32.8,25.6,29.542857142857144,23.9,20.0,21.985714285714288
398,New York,201232,2.1,0.5,1.4714285714285715,6.1,0.0,0.9142857142857143,0.0,0.0,0.0,31.1,26.7,29.614285714285717,23.9,20.0,22.228571428571428
399,New York,201233,1.9,0.5,1.3571428571428572,14.5,0.0,3.814285714285714,0.0,0.0,0.0,31.1,23.3,27.685714285714287,22.2,16.7,19.042857142857144
400,New York,201234,2.1,0.5,1.1857142857142857,0.0,0.0,0.0,0.0,0.0,0.0,30.6,25.6,28.585714285714285,21.1,18.3,19.928571428571427
401,New York,201235,2.8,1.2,1.9428571428571428,15.5,0.0,2.7285714285714286,0.0,0.0,0.0,32.8,26.1,29.3,23.3,16.1,20.714285714285715
402,New York,201236,3.0,1.1,1.7428571428571427,9.9,0.0,2.142857142857143,0.0,0.0,0.0,30.6,25.6,27.085714285714285,21.7,17.2,20.17142857142857
403,New York,201237,2.3,0.9,1.5285714285714285,0.3,0.0,0.04285714285714286,0.0,0.0,0.0,27.2,22.2,24.614285714285717,17.8,12.2,15.071428571428571
404,New York,201238,2.8,1.3,2.1714285714285713,39.1,0.0,6.385714285714286,0.0,0.0,0.0,25.6,20.0,22.785714285714285,19.4,12.2,14.77142857142857
405,New York,201239,2.7,1.2,1.7142857142857142,49.8,0.0,7.371428571428571,0.0,0.0,0.0,25.0,18.3,21.342857142857145,17.2,11.7,14.37142857142857
406,New York,201240,2.5,0.5,1.342857142857143,9.7,0.0,2.0714285714285716,0.0,0.0,0.0,25.6,12.2,21.514285714285712,18.9,7.8,14.285714285714286
407,New York,201241,2.9,1.4,2.3428571428571425,6.4,0.0,1.0285714285714287,0.0,0.0,0.0,21.1,11.7,15.314285714285715,11.7,3.3,8.185714285714285
408,New York,201242,2.6,0.8,1.9857142857142858,22.6,0.0,3.9571428571428577,0.0,0.0,0.0,21.7,15.0,18.414285714285715,16.1,6.7,11.185714285714285
409,New York,201243,5.2,0.6,2.142857142857143,0.8,0.0,0.1142857142857143,0.0,0.0,0.0,18.9,15.0,17.214285714285715,15.0,9.4,12.771428571428572
410,New York,201244,8.4,2.3,3.7857142857142856,17.0,0.0,3.457142857142857,0.0,0.0,0.0,16.7,10.0,11.77142857142857,11.1,3.9,6.585714285714286
411,New York,201245,4.7,0.7,2.5714285714285716,28.4,0.0,4.271428571428571,109.0,0.0,17.0,17.8,5.0,9.857142857142858,10.0,-0.6,2.6142857142857143
412,New York,201246,2.9,1.7,2.3857142857142857,2.3,0.0,0.32857142857142857,0.0,0.0,0.0,18.9,7.2,11.271428571428572,8.9,1.7,4.042857142857143
413,New York,201247,4.6,1.2,2.4714285714285715,0.3,0.0,0.04285714285714286,0.0,0.0,0.0,13.3,4.4,10.071428571428571,6.1,0.6,3.5714285714285716
414,New York,201248,4.0,1.3,2.6142857142857143,13.5,0.0,2.0714285714285716,0.0,0.0,0.0,11.1,5.0,7.071428571428571,5.0,1.1,2.2857142857142856
415,New York,201249,3.6,1.1,1.9428571428571428,9.1,0.0,2.7285714285714286,0.0,0.0,0.0,16.7,4.4,11.271428571428572,9.4,-1.7,4.528571428571429
416,New York,201250,4.0,0.7,2.0714285714285716,10.2,0.0,1.7857142857142858,0.0,0.0,0.0,15.0,6.1,9.828571428571427,6.7,2.2,3.9714285714285715
417,New York,201251,5.5,2.4,3.8857142857142857,17.8,0.0,5.528571428571429,0.0,0.0,0.0,13.3,3.3,8.157142857142857,6.1,1.7,3.1714285714285713
418,New York,201252,6.2,1.6,3.857142857142857,25.1,0.0,7.242857142857143,10.0,0.0,1.4285714285714286,5.0,1.1,3.1714285714285713,0.6,-2.2,-1.0142857142857145
419,New York,201301,3.6,2.0,2.957142857142857,0.0,0.0,0.0,0.0,0.0,0.0,7.8,0.0,3.5,1.1,-5.6,-2.2142857142857144
420,New York,201302,3.0,1.2,2.142857142857143,14.0,0.0,2.0714285714285716,0.0,0.0,0.0,10.0,7.2,8.557142857142859,6.1,1.7,3.8999999999999995
421,New York,201303,4.9,2.2,3.185714285714286,17.5,0.0,3.257142857142857,0.0,0.0,0.0,13.3,1.7,7.071428571428571,3.3,-3.9,0.08571428571428566
422,New York,201304,4.7,2.3,3.2714285714285714,1.8,0.0,0.2571428571428572,38.0,0.0,5.428571428571429,1.1,-6.7,-3.0285714285714285,-3.3,-11.7,-9.128571428571428
423,New York,201305,5.5,1.6,2.8857142857142857,22.9,0.0,4.571428571428571,8.0,0.0,1.5714285714285714,16.1,-1.7,5.614285714285715,3.9,-7.2,-1.8142857142857145
424,New York,201306,6.1,1.4,3.0714285714285716,29.2,0.0,5.628571428571428,160.0,0.0,42.857142857142854,3.9,-1.1,0.8714285714285713,-1.7,-7.8,-4.128571428571428
425,New York,201307,5.5,1.5,2.8714285714285714,12.4,0.0,1.9571428571428573,0.0,0.0,0.0,12.8,0.0,6.6000000000000005,2.8,-7.8,-0.15714285714285708
426,New York,201308,5.4,3.0,3.857142857142857,6.6,0.0,1.5285714285714285,0.0,0.0,0.0,9.4,1.1,4.671428571428572,2.2,-8.3,-2.3714285714285714
427,New York,201309,5.0,2.0,3.1,39.6,0.0,6.171428571428572,0.0,0.0,0.0,10.6,4.4,6.971428571428572,3.9,-1.7,1.1
428,New York,201310,6.9,2.1,3.914285714285714,13.7,0.0,2.642857142857143,102.0,0.0,14.571428571428571,12.8,3.3,7.471428571428571,3.3,-2.8,0.5428571428571428
429,New York,201311,5.1,1.7,3.185714285714286,20.1,0.0,3.3000000000000003,8.0,0.0,1.1428571428571428,13.9,3.3,8.4,6.1,-1.7,1.3285714285714287
430,New York,201312,4.3,2.3,3.642857142857143,16.5,0.0,3.6571428571428575,76.0,0.0,10.857142857142858,8.3,1.7,5.785714285714286,0.6,-2.2,-0.6142857142857144
431,New York,201313,4.0,1.9,2.6285714285714286,4.3,0.0,0.9,0.0,0.0,0.0,15.0,4.4,11.200000000000001,6.7,2.2,3.642857142857143
432,New York,201314,4.8,2.5,3.2857142857142856,0.0,0.0,0.0,0.0,0.0,0.0,17.8,6.1,12.0,5.0,0.6,2.242857142857143
433,New York,201315,5.0,1.3,2.5714285714285716,16.0,0.0,4.1,0.0,0.0,0.0,27.8,8.3,18.014285714285716,12.8,5.0,8.585714285714285
434,New York,201316,3.8,2.2,2.8285714285714287,1.5,0.0,0.5142857142857143,0.0,0.0,0.0,21.7,12.8,17.0,12.8,2.8,8.585714285714285
435,New York,201317,4.3,1.5,2.6285714285714286,0.0,0.0,0.0,0.0,0.0,0.0,21.7,11.7,17.95714285714286,10.6,5.0,7.714285714285714
436,New York,201318,2.9,1.6,2.3428571428571425,1.0,0.0,0.14285714285714285,0.0,0.0,0.0,22.2,13.9,19.142857142857142,11.1,7.8,9.357142857142858
437,New York,201319,3.5,1.4,2.1285714285714286,76.7,0.0,16.771428571428572,0.0,0.0,0.0,26.1,17.2,21.342857142857145,16.1,7.8,12.228571428571428
438,New York,201320,4.5,0.9,2.2714285714285714,15.2,0.0,2.2142857142857144,0.0,0.0,0.0,26.1,14.4,18.957142857142856,16.7,5.6,11.585714285714285
439,New York,201321,4.1,0.7,2.4714285714285715,46.0,0.0,8.171428571428573,0.0,0.0,0.0,30.0,12.2,22.542857142857144,20.0,7.2,12.928571428571429
440,New York,201322,2.7,0.7,1.7285714285714284,21.6,0.0,4.971428571428571,0.0,0.0,0.0,32.2,20.0,28.32857142857143,23.9,10.6,18.257142857142856
441,New York,201323,3.8,1.0,2.0285714285714285,105.7,0.0,20.47142857142857,0.0,0.0,0.0,26.7,17.2,23.25714285714286,18.9,13.9,15.471428571428572
442,New York,201324,3.0,1.7,2.3714285714285714,35.1,0.0,11.299999999999999,0.0,0.0,0.0,26.7,20.6,24.057142857142857,18.3,11.7,15.957142857142857
443,New York,201325,2.3,1.2,1.842857142857143,5.1,0.0,0.7714285714285714,0.0,0.0,0.0,31.1,25.0,28.185714285714287,21.1,15.0,18.185714285714287
444,New York,201326,2.3,1.4,1.757142857142857,6.1,0.0,1.0571428571428572,0.0,0.0,0.0,33.3,28.3,30.457142857142856,23.3,21.7,22.785714285714285
445,New York,201327,2.2,1.2,1.7857142857142858,21.3,0.0,5.257142857142857,0.0,0.0,0.0,33.3,25.0,30.071428571428573,25.6,22.2,23.814285714285713
446,New York,201328,4.3,1.4,2.2285714285714286,6.4,0.0,2.757142857142857,0.0,0.0,0.0,32.2,25.0,29.357142857142858,24.4,19.4,22.442857142857143
447,New York,201329,2.6,1.5,1.9857142857142858,0.0,0.0,0.0,0.0,0.0,0.0,36.7,31.7,34.68571428571429,28.3,24.4,26.25714285714286
448,New York,201330,4.0,0.9,2.1142857142857143,7.9,0.0,2.257142857142857,0.0,0.0,0.0,30.6,20.0,27.228571428571428,23.9,17.8,20.714285714285715
449,New York,201331,2.3,1.3,1.7,16.5,0.0,2.6142857142857143,0.0,0.0,0.0,29.4,24.4,27.285714285714285,20.6,18.9,19.514285714285712
450,New York,201332,2.3,1.1,1.7428571428571427,11.7,0.0,1.8571428571428572,0.0,0.0,0.0,29.4,25.6,27.457142857142856,23.3,16.7,19.914285714285715
451,New York,201333,2.9,0.9,1.3857142857142857,21.6,0.0,3.271428571428572,0.0,0.0,0.0,28.9,23.3,26.114285714285717,21.1,15.0,18.25714285714286
452,New York,201334,2.5,1.1,1.7285714285714284,6.4,0.0,0.9142857142857144,0.0,0.0,0.0,32.2,25.6,28.25714285714286,22.2,17.8,20.085714285714285
453,New York,201335,2.6,1.1,1.9000000000000001,10.9,0.0,1.742857142857143,0.0,0.0,0.0,30.6,26.7,29.214285714285715,23.9,20.0,21.842857142857145
454,New York,201336,2.9,0.4,1.8,1.3,0.0,0.3,0.0,0.0,0.0,28.3,22.2,26.75714285714286,23.3,13.9,18.014285714285712
455,New York,201337,2.6,1.7,2.0571428571428574,40.6,0.0,6.057142857142857,0.0,0.0,0.0,35.6,19.4,26.685714285714287,25.0,10.6,16.82857142857143
456,New York,201338,2.6,1.1,1.7857142857142858,18.3,0.0,4.357142857142857,0.0,0.0,0.0,26.1,18.3,22.942857142857143,16.1,10.0,12.942857142857141
457,New York,201339,2.1,0.8,1.6428571428571428,0.0,0.0,0.0,0.0,0.0,0.0,22.8,18.9,21.685714285714287,14.4,8.3,12.12857142857143
458,New York,201340,2.6,0.7,1.4857142857142858,0.0,0.0,0.0,0.0,0.0,0.0,30.0,21.1,25.87142857142857,18.9,13.3,16.9
459,New York,201341,5.0,2.6,3.7285714285714286,6.4,0.0,0.9857142857142858,0.0,0.0,0.0,24.4,16.7,19.900000000000002,15.6,11.7,13.742857142857144
460,New York,201342,3.0,1.1,1.7142857142857142,0.5,0.0,0.1142857142857143,0.0,0.0,0.0,22.8,17.2,19.75714285714286,16.1,10.0,12.3
461,New York,201343,3.0,1.7,2.3000000000000003,0.0,0.0,0.0,0.0,0.0,0.0,19.4,11.7,14.6,10.6,4.4,7.142857142857143
462,New York,201344,2.8,0.9,1.9142857142857144,3.3,0.0,0.6857142857142857,0.0,0.0,0.0,21.1,12.8,16.82857142857143,15.0,2.8,9.057142857142857
463,New York,201345,3.9,1.6,2.685714285714286,3.3,0.0,0.4714285714285714,0.0,0.0,0.0,17.8,7.8,12.942857142857145,9.4,1.7,5.314285714285715
464,New York,201346,3.6,1.2,2.414285714285714,1.3,0.0,0.4142857142857143,0.0,0.0,0.0,15.6,3.9,11.842857142857143,10.6,-1.6,4.1571428571428575
465,New York,201347,5.4,2.2,3.6,5.6,0.0,1.0571428571428572,0.0,0.0,0.0,18.3,-1.0,10.257142857142856,10.6,-4.9,2.814285714285714
466,New York,201348,4.3,0.8,2.4,50.3,0.0,9.042857142857143,0.0,0.0,0.0,16.7,1.7,6.514285714285714,2.2,-4.9,-0.9714285714285715
467,New York,201349,2.8,1.1,1.9000000000000001,18.5,0.0,3.485714285714286,18.0,0.0,2.5714285714285716,16.7,0.6,10.014285714285714,8.9,-1.6,3.3428571428571425
468,New York,201350,4.5,2.5,3.357142857142857,18.5,0.0,7.171428571428572,127.0,0.0,23.285714285714285,4.4,-1.0,1.9285714285714286,-0.5,-5.5,-2.9285714285714284
469,New York,201351,3.5,2.2,2.814285714285714,4.8,0.0,0.7285714285714285,38.0,0.0,5.428571428571429,21.7,0.0,9.057142857142859,16.1,-4.9,2.528571428571429
470,New York,201352,3.7,2.1,2.685714285714286,30.5,0.0,6.214285714285714,0.0,0.0,0.0,17.8,-0.5,7.314285714285715,5.6,-7.1,0.14285714285714285
471,New York,201401,5.5,1.7,3.142857142857143,8.4,0.0,2.771428571428572,84.0,0.0,23.285714285714285,7.2,-7.7,0.5000000000000001,-2.7,-13.2,-7.357142857142857
472,New York,201402,5.9,1.3,3.2285714285714286,12.7,0.0,3.6999999999999997,0.0,0.0,0.0,14.4,-7.1,4.228571428571429,3.3,-15.5,-5.1000000000000005
473,New York,201403,3.3,1.3,2.242857142857143,9.7,0.0,1.6428571428571428,0.0,0.0,0.0,11.1,3.3,7.228571428571429,6.7,-4.3,1.4714285714285715
474,New York,201404,4.7,3.2,3.6833333333333336,11.7,0.0,1.8857142857142857,279.0,0.0,45.285714285714285,7.8,-8.2,-2.157142857142857,-0.5,-14.9,-9.742857142857144
475,New York,201405,3.5,1.4,2.2857142857142856,1.0,0.0,0.14285714285714285,20.0,0.0,2.857142857142857,13.3,-6.0,2.7428571428571433,3.9,-11.0,-4.771428571428571
476,New York,201406,3.2,1.0,2.257142857142857,36.3,0.0,9.785714285714286,203.0,0.0,47.857142857142854,6.1,-1.6,0.9714285714285714,-1.6,-6.0,-4.585714285714286
477,New York,201407,5.6,2.4,3.814285714285714,45.2,0.0,8.014285714285714,241.0,0.0,51.142857142857146,4.4,-3.8,-0.0285714285714286,-0.5,-10.5,-5.542857142857143
478,New York,201408,3.3,2.2,2.585714285714286,6.6,0.0,1.9714285714285713,38.0,0.0,5.428571428571429,12.2,0.0,7.928571428571429,6.1,-7.7,0.8142857142857142
479,New York,201409,4.2,1.7,2.757142857142857,0.8,0.0,0.1142857142857143,5.0,0.0,0.7142857142857143,6.7,-4.3,1.542857142857143,0.0,-12.7,-6.114285714285714
480,New York,201410,3.8,2.1,2.8714285714285714,1.0,0.0,0.14285714285714285,3.0,0.0,0.42857142857142855,13.9,-1.6,3.6,2.2,-10.5,-4.285714285714286
481,New York,201411,6.3,2.1,3.3,8.9,0.0,1.2714285714285716,0.0,0.0,0.0,18.9,0.0,10.085714285714285,7.2,-7.7,0.11428571428571425
482,New York,201412,3.6,3.1,3.3285714285714287,23.4,0.0,3.3428571428571425,0.0,0.0,0.0,17.2,1.7,8.742857142857142,5.0,-4.9,0.5142857142857143
483,New York,201413,5.3,2.4,3.6571428571428575,46.0,0.0,7.985714285714286,0.0,0.0,0.0,16.7,1.7,7.942857142857143,6.1,-6.0,-0.8857142857142859
484,New York,201414,3.8,0.9,2.557142857142857,5.3,0.0,1.5999999999999999,0.0,0.0,0.0,19.4,8.3,13.87142857142857,7.8,2.2,4.357142857142857
485,New York,201415,3.1,1.9,2.7285714285714286,13.2,0.0,3.114285714285714,0.0,0.0,0.0,25.0,11.7,18.814285714285713,13.3,5.6,8.885714285714286
486,New York,201416,3.9,2.4,3.1142857142857143,18.0,0.0,2.757142857142857,0.0,0.0,0.0,23.9,8.9,14.914285714285713,15.0,-0.5,4.457142857142857
487,New York,201417,4.2,1.9,2.8000000000000003,23.4,0.0,3.457142857142857,0.0,0.0,0.0,21.7,15.0,17.928571428571427,10.6,5.0,7.242857142857143
488,New York,201418,4.0,1.5,2.685714285714286,126.2,0.0,18.928571428571427,0.0,0.0,0.0,25.6,11.1,18.32857142857143,13.3,5.0,9.514285714285714
489,New York,201419,3.3,1.4,1.9428571428571428,10.4,0.0,3.085714285714286,0.0,0.0,0.0,28.3,15.0,21.67142857142857,15.6,10.0,12.157142857142857
490,New York,201420,3.2,0.8,2.314285714285714,39.1,0.0,6.171428571428572,0.0,0.0,0.0,29.4,19.4,22.3,17.8,10.6,13.1
491,New York,201421,2.1,0.9,1.4857142857142858,23.1,0.0,5.628571428571429,0.0,0.0,0.0,26.7,19.4,22.857142857142858,17.2,9.4,13.328571428571427
492,New York,201422,3.4,1.1,2.1,1.3,0.0,0.18571428571428572,0.0,0.0,0.0,30.0,17.8,24.057142857142857,18.9,10.6,14.142857142857142
493,New York,201423,2.5,1.3,1.7857142857142858,22.1,0.0,3.585714285714286,0.0,0.0,0.0,30.6,24.4,27.385714285714283,18.9,15.0,16.742857142857144
494,New York,201424,3.2,1.5,2.1,40.6,0.0,10.771428571428572,0.0,0.0,0.0,26.7,21.1,23.97142857142857,18.3,15.0,16.585714285714285
495,New York,201425,2.6,0.9,1.7857142857142858,3.8,0.0,0.5428571428571428,0.0,0.0,0.0,31.7,25.0,27.62857142857143,24.4,16.7,19.37142857142857
496,New York,201426,2.2,1.2,1.6428571428571428,2.0,0.0,0.5428571428571428,0.0,0.0,0.0,30.6,27.2,28.62857142857143,21.1,18.3,19.82857142857143
497,New York,201427,3.0,1.2,2.0142857142857142,45.2,0.0,10.457142857142857,0.0,0.0,0.0,32.8,23.3,29.057142857142853,22.2,17.2,20.0
498,New York,201428,2.6,1.3,1.9285714285714286,9.9,0.0,2.0,0.0,0.0,0.0,32.8,28.3,30.3,22.2,21.7,21.914285714285715
499,New York,201429,2.3,1.2,1.8,33.0,0.0,6.385714285714286,0.0,0.0,0.0,30.0,24.4,27.37142857142857,22.2,17.8,20.071428571428573
500,New York,201430,2.2,0.9,1.7571428571428573,4.8,0.0,0.7571428571428571,0.0,0.0,0.0,31.1,26.7,28.8,22.2,18.9,20.8
501,New York,201431,3.3,1.0,1.957142857142857,10.4,0.0,2.4285714285714284,0.0,0.0,0.0,28.9,23.3,26.185714285714287,21.7,17.2,18.97142857142857
502,New York,201432,1.9,1.1,1.4000000000000001,0.0,0.0,0.0,0.0,0.0,0.0,32.2,28.3,29.671428571428574,21.7,18.3,20.0
503,New York,201433,2.6,1.4,2.0571428571428574,13.5,0.0,2.6571428571428575,0.0,0.0,0.0,30.6,22.8,26.528571428571432,21.7,16.1,18.885714285714283
504,New York,201434,2.1,1.0,1.7,8.9,0.0,1.5285714285714287,0.0,0.0,0.0,28.9,25.0,27.214285714285715,21.1,17.2,18.47142857142857
505,New York,201435,2.4,1.0,1.4428571428571428,15.7,0.0,2.242857142857143,0.0,0.0,0.0,32.2,26.7,29.771428571428572,22.8,16.1,19.442857142857143
506,New York,201436,2.4,1.2,1.7,2.8,0.0,0.39999999999999997,0.0,0.0,0.0,33.3,27.2,30.8,25.0,18.3,21.657142857142855
507,New York,201437,3.5,1.4,2.5142857142857147,6.6,0.0,0.9428571428571428,0.0,0.0,0.0,28.3,20.6,24.228571428571428,20.6,11.7,16.585714285714285
508,New York,201438,3.4,0.7,1.4428571428571428,9.4,0.0,1.8857142857142857,0.0,0.0,0.0,24.4,18.9,22.385714285714283,19.4,12.2,14.200000000000001
509,New York,201439,3.7,0.8,1.9714285714285715,8.1,0.0,1.157142857142857,0.0,0.0,0.0,28.9,17.8,23.585714285714285,17.8,11.1,14.285714285714286
510,New York,201440,3.0,0.3,2.085714285714286,30.0,0.0,4.357142857142857,0.0,0.0,0.0,26.1,16.1,20.8,19.4,7.8,14.357142857142858
511,New York,201441,3.2,1.0,1.9571428571428573,8.4,0.0,1.5571428571428572,0.0,0.0,0.0,22.8,15.6,19.385714285714283,17.2,8.9,12.385714285714286
512,New York,201442,3.4,1.2,2.2285714285714286,28.2,0.0,6.714285714285714,0.0,0.0,0.0,25.0,13.3,20.785714285714285,20.6,6.7,14.285714285714286
513,New York,201443,4.2,1.6,2.7142857142857144,38.4,0.0,8.142857142857142,0.0,0.0,0.0,19.4,11.7,16.414285714285715,12.8,5.6,10.1
514,New York,201444,4.8,1.3,2.7285714285714286,8.9,0.0,1.4571428571428573,0.0,0.0,0.0,22.2,8.3,15.228571428571428,11.7,5.0,8.185714285714285
515,New York,201445,3.3,1.2,2.185714285714286,9.4,0.0,1.342857142857143,0.0,0.0,0.0,20.0,8.9,14.614285714285714,13.3,2.2,7.457142857142857
516,New York,201446,3.2,1.1,1.7,5.1,0.0,1.0571428571428572,0.0,0.0,0.0,18.3,5.6,11.357142857142858,9.4,0.6,4.371428571428572
517,New York,201447,4.5,1.7,2.842857142857143,39.1,0.0,5.585714285714286,0.0,0.0,0.0,13.9,2.2,7.3,6.1,-5.5,-0.5714285714285714
518,New York,201448,3.9,1.6,2.4285714285714284,31.5,0.0,7.114285714285714,5.0,0.0,0.7142857142857143,20.6,2.8,11.042857142857143,11.7,-2.7,3.914285714285714
519,New York,201449,5.3,1.8,3.2714285714285714,31.0,0.0,7.257142857142857,0.0,0.0,0.0,18.3,5.6,8.814285714285715,5.6,-1.0,2.7285714285714286
520,New York,201450,5.1,2.7,3.8714285714285714,64.5,0.0,9.542857142857143,25.0,0.0,3.5714285714285716,7.8,2.8,4.8428571428571425,3.3,-4.3,0.2571428571428572
521,New York,201451,3.9,1.2,2.4285714285714284,5.1,0.0,0.7999999999999999,0.0,0.0,0.0,12.2,0.6,6.028571428571429,5.6,-1.0,1.7857142857142858
522,New York,201452,4.3,2.0,2.9285714285714284,20.3,0.0,4.314285714285715,0.0,0.0,0.0,16.7,6.7,11.514285714285714,6.7,1.7,5.485714285714286
523,New York,201501,3.2,1.9,2.6999999999999997,18.0,0.0,3.6571428571428575,0.0,0.0,0.0,13.3,0.0,5.171428571428572,5.0,-2.7,0.1285714285714285
524,New York,201502,5.7,1.8,3.757142857142857,1.8,0.0,0.4428571428571429,38.0,0.0,9.0,9.4,-6.0,-1.2142857142857142,-6.0,-13.2,-8.942857142857143
525,New York,201503,4.4,1.7,2.742857142857143,53.3,0.0,8.914285714285715,0.0,0.0,0.0,6.1,0.0,2.7857142857142856,1.7,-8.8,-4.914285714285714
526,New York,201504,3.4,1.9,2.6285714285714286,18.3,0.0,2.6142857142857143,91.0,0.0,13.0,5.6,2.2,4.285714285714286,2.2,-3.8,-0.5857142857142856
527,New York,201505,5.7,1.7,3.7714285714285714,12.2,0.0,3.4428571428571426,140.0,0.0,40.285714285714285,3.3,-3.2,0.5857142857142856,-5.5,-10.5,-7.457142857142857
528,New York,201506,4.4,1.7,3.142857142857143,25.9,0.0,3.7714285714285714,127.0,0.0,18.142857142857142,6.1,-3.2,2.0142857142857142,-1.6,-11.0,-7.285714285714286
529,New York,201507,6.5,2.4,4.114285714285715,2.3,0.0,0.4428571428571428,23.0,0.0,3.7142857142857144,4.4,-6.0,-0.21428571428571416,-3.2,-15.5,-8.4
530,New York,201508,5.1,1.3,2.871428571428571,15.5,0.0,3.085714285714286,84.0,0.0,26.428571428571427,6.1,-7.1,-1.6857142857142857,0.0,-16.6,-10.471428571428572
531,New York,201509,5.0,1.0,2.7142857142857144,13.2,0.0,1.8857142857142857,122.0,0.0,17.428571428571427,3.3,-4.3,-0.18571428571428575,-4.3,-15.5,-9.114285714285714
532,New York,201510,3.6,2.2,2.642857142857143,19.3,0.0,6.1000000000000005,191.0,0.0,33.857142857142854,9.4,-2.7,4.042857142857143,2.8,-11.0,-4.214285714285714
533,New York,201511,5.1,1.6,3.0,20.6,0.0,4.700000000000001,0.0,0.0,0.0,15.0,6.1,10.085714285714285,6.7,-0.5,3.3285714285714287
534,New York,201512,4.3,1.7,3.1714285714285713,10.2,0.0,1.5285714285714285,114.0,0.0,16.285714285714285,13.9,3.3,7.528571428571429,1.7,-2.1,-0.8142857142857143
535,New York,201513,3.4,1.3,2.314285714285714,8.1,0.0,2.3285714285714287,0.0,0.0,0.0,16.7,3.3,8.085714285714285,5.6,-4.9,-0.6428571428571429
536,New York,201514,4.5,2.2,2.957142857142857,4.3,0.0,0.7999999999999999,0.0,0.0,0.0,19.4,8.3,14.285714285714286,15.0,0.0,5.014285714285714
537,New York,201515,5.1,1.5,3.085714285714286,4.3,0.0,1.157142857142857,0.0,0.0,0.0,18.9,6.1,13.328571428571427,6.7,2.8,4.785714285714286
538,New York,201516,3.8,1.7,2.5,2.0,0.0,0.32857142857142857,0.0,0.0,0.0,26.7,17.8,20.642857142857142,15.0,8.9,11.6
539,New York,201517,4.1,2.3,3.085714285714286,34.8,0.0,5.885714285714285,0.0,0.0,0.0,20.6,11.1,15.642857142857142,11.1,3.3,6.828571428571428
540,New York,201518,3.6,1.1,2.414285714285714,0.0,0.0,0.0,0.0,0.0,0.0,26.7,16.7,21.514285714285712,10.6,8.9,9.6
541,New York,201519,2.4,1.0,1.742857142857143,0.0,0.0,0.0,0.0,0.0,0.0,29.4,21.1,26.5,18.9,13.3,14.914285714285715
542,New York,201520,3.3,0.9,1.7714285714285716,7.6,0.0,1.157142857142857,0.0,0.0,0.0,30.0,21.1,25.557142857142857,21.1,10.0,15.014285714285714
543,New York,201521,3.1,1.1,1.9857142857142858,0.0,0.0,0.0,0.0,0.0,0.0,27.2,16.7,22.614285714285717,15.6,9.4,12.771428571428572
544,New York,201522,2.5,1.8,2.2,37.1,0.0,5.585714285714286,0.0,0.0,0.0,31.1,29.4,29.814285714285713,21.1,13.9,18.714285714285715
545,New York,201523,4.6,1.3,2.414285714285714,18.3,0.0,5.114285714285714,0.0,0.0,0.0,24.4,12.8,19.342857142857145,15.6,10.0,12.157142857142857
546,New York,201524,2.7,1.2,1.9857142857142858,9.1,0.0,1.5571428571428572,0.0,0.0,0.0,31.7,26.1,29.442857142857143,22.8,17.2,20.228571428571428
547,New York,201525,2.4,1.0,1.7857142857142858,16.3,0.0,5.385714285714286,0.0,0.0,0.0,31.1,21.7,27.071428571428573,21.7,17.8,18.900000000000002
548,New York,201526,3.3,1.4,2.2857142857142856,28.4,0.0,5.185714285714285,0.0,0.0,0.0,32.2,21.7,27.385714285714283,23.9,14.4,19.285714285714285
549,New York,201527,2.2,0.5,1.4714285714285715,9.9,0.0,1.5571428571428572,0.0,0.0,0.0,28.3,23.9,26.67142857142857,20.6,17.2,19.7
550,New York,201528,2.2,0.9,1.5857142857142856,7.6,0.0,1.5142857142857142,0.0,0.0,0.0,31.7,26.1,29.75714285714286,25.0,20.0,22.3
551,New York,201529,2.5,1.2,1.7142857142857142,10.7,0.0,3.114285714285714,0.0,0.0,0.0,33.9,26.7,29.042857142857144,25.6,17.8,21.75714285714286
552,New York,201530,2.6,0.9,1.6714285714285713,0.0,0.0,0.0,0.0,0.0,0.0,34.4,29.4,31.342857142857145,27.8,20.0,22.38571428571429
553,New York,201531,2.0,0.9,1.5,49.5,0.0,8.371428571428572,0.0,0.0,0.0,35.6,30.0,32.32857142857143,25.6,21.7,23.342857142857145
554,New York,201532,2.4,1.1,1.8285714285714287,10.9,0.0,1.5571428571428572,0.0,0.0,0.0,32.2,27.8,29.842857142857145,23.9,19.4,20.957142857142856
555,New York,201533,2.1,0.7,1.5571428571428572,29.7,0.0,4.242857142857143,0.0,0.0,0.0,33.9,27.2,30.3,24.4,19.4,21.5
556,New York,201534,2.5,1.5,1.9000000000000001,8.1,0.0,2.257142857142857,0.0,0.0,0.0,35.0,29.4,31.114285714285717,25.6,20.6,23.114285714285717
557,New York,201535,1.8,0.9,1.3857142857142857,3.3,0.0,0.4714285714285714,0.0,0.0,0.0,32.2,27.8,30.08571428571429,22.8,17.2,20.457142857142856
558,New York,201536,3.1,0.6,1.4571428571428573,0.0,0.0,0.0,0.0,0.0,0.0,33.9,28.3,31.428571428571427,24.4,18.3,22.185714285714287
559,New York,201537,2.8,1.7,2.2285714285714286,40.1,0.0,6.928571428571429,0.0,0.0,0.0,36.1,26.1,29.67142857142857,24.4,16.7,21.02857142857143
560,New York,201538,3.5,0.6,1.5857142857142856,0.0,0.0,0.0,0.0,0.0,0.0,31.7,25.0,28.814285714285713,20.0,15.0,18.342857142857145
561,New York,201539,3.4,1.3,2.4857142857142853,0.0,0.0,0.0,0.0,0.0,0.0,27.8,21.7,23.900000000000002,17.2,13.3,15.557142857142859
562,New York,201540,5.6,1.2,3.685714285714286,32.0,0.0,10.485714285714286,0.0,0.0,0.0,28.3,12.8,20.24285714285714,22.2,8.9,14.114285714285714
563,New York,201541,2.8,0.7,1.5571428571428572,22.6,0.0,3.2285714285714286,0.0,0.0,0.0,25.6,18.3,21.67142857142857,16.1,10.0,12.771428571428572
564,New York,201542,2.6,1.6,2.0,0.3,0.0,0.04285714285714286,0.0,0.0,0.0,25.0,10.0,18.1,16.1,3.3,10.642857142857142
565,New York,201543,3.0,1.0,2.0714285714285716,1.3,0.0,0.18571428571428572,0.0,0.0,0.0,24.4,11.7,19.042857142857144,14.4,1.7,8.485714285714286
566,New York,201544,3.0,1.3,2.242857142857143,35.6,0.0,5.228571428571429,0.0,0.0,0.0,22.8,13.3,17.214285714285715,13.9,5.6,9.614285714285714
567,New York,201545,2.1,0.9,1.3857142857142857,0.3,0.0,0.04285714285714286,0.0,0.0,0.0,23.3,13.3,20.142857142857142,18.9,7.8,12.299999999999999
568,New York,201546,4.8,0.9,2.9142857142857146,10.9,0.0,2.542857142857143,0.0,0.0,0.0,16.1,9.4,13.942857142857145,10.6,3.9,7.714285714285714
569,New York,201547,2.9,1.8,2.5285714285714285,31.8,0.0,4.6571428571428575,0.0,0.0,0.0,19.4,11.1,15.0,13.9,4.4,7.957142857142856
570,New York,201548,2.6,1.2,1.7,0.5,0.0,0.07142857142857142,0.0,0.0,0.0,17.8,6.7,12.157142857142857,10.6,0.0,4.128571428571428
571,New York,201549,3.8,1.0,2.142857142857143,8.4,0.0,1.7142857142857142,0.0,0.0,0.0,13.9,8.3,11.214285714285714,7.8,0.6,5.1000000000000005
572,New York,201550,2.1,0.9,1.7142857142857142,0.0,0.0,0.0,0.0,0.0,0.0,19.4,9.4,14.914285714285715,12.8,4.4,8.742857142857144
573,New York,201551,4.7,2.1,3.042857142857143,30.7,0.0,6.057142857142857,0.0,0.0,0.0,20.0,4.4,12.928571428571429,11.7,1.1,6.757142857142857
574,New York,201552,3.6,0.4,2.2285714285714286,39.4,0.0,6.828571428571428,0.0,0.0,0.0,22.2,13.3,17.142857142857142,17.2,3.9,10.557142857142859
575,New York,201553,3.7,1.8,2.9857142857142853,11.4,0.0,2.542857142857143,0.0,0.0,0.0,8.9,4.4,7.228571428571429,5.6,0.0,1.9857142857142858
576,New York,201601,4.4,1.1,2.6714285714285713,45.7,0.0,6.528571428571429,0.0,0.0,0.0,15.0,-1.6,6.357142857142857,4.4,-11.6,-2.5
577,New York,201602,4.7,2.2,3.1142857142857143,6.1,0.0,1.0571428571428572,10.0,0.0,1.4285714285714286,11.1,-1.0,5.814285714285715,5.6,-5.5,-1.7571428571428573
578,New York,201603,7.0,2.5,3.985714285714286,58.7,0.0,8.428571428571429,693.0,0.0,99.71428571428571,2.8,-2.7,0.0571428571428571,-2.7,-8.8,-5.614285714285714
579,New York,201604,3.5,1.5,2.6142857142857143,0.0,0.0,0.0,0.0,0.0,0.0,13.3,3.9,6.985714285714287,3.3,-2.1,0.19999999999999998
580,New York,201605,3.7,1.6,2.6142857142857143,18.5,0.0,4.614285714285714,64.0,0.0,9.142857142857142,15.0,4.4,10.62857142857143,6.7,-1.0,3.057142857142857
581,New York,201606,5.5,1.8,3.557142857142857,1.3,0.0,0.2285714285714286,3.0,0.0,0.42857142857142855,3.9,-9.3,-1.1428571428571428,-0.5,-18.2,-7.828571428571428
582,New York,201607,3.5,2.2,2.9,25.7,0.0,5.385714285714285,36.0,0.0,5.142857142857143,16.1,1.7,7.542857142857143,6.7,-10.5,-0.5
583,New York,201608,6.5,2.3,3.914285714285714,31.0,0.0,5.585714285714286,0.0,0.0,0.0,16.1,3.9,10.242857142857144,3.3,-3.2,1.0571428571428572
584,New York,201609,4.7,1.5,3.1142857142857143,3.6,0.0,1.0999999999999999,10.0,0.0,1.4285714285714286,16.1,2.2,8.257142857142858,8.3,-3.2,0.6142857142857144
585,New York,201610,3.5,1.0,2.1142857142857143,1.5,0.0,0.21428571428571427,0.0,0.0,0.0,26.1,15.0,19.685714285714287,17.2,2.2,8.242857142857144
586,New York,201611,6.3,1.6,3.2857142857142856,7.4,0.0,1.385714285714286,0.0,0.0,0.0,18.3,6.1,12.542857142857143,8.9,0.0,5.0
587,New York,201612,4.1,1.7,2.942857142857143,1.5,0.0,0.35714285714285715,13.0,0.0,1.8571428571428572,22.2,10.0,15.085714285714285,8.9,0.0,4.771428571428571
588,New York,201613,5.7,2.2,3.7142857142857144,9.7,0.0,2.371428571428571,0.0,0.0,0.0,26.1,10.0,16.67142857142857,16.1,1.1,6.971428571428572
589,New York,201614,3.7,2.2,3.0,11.9,0.0,2.4714285714285715,0.0,0.0,0.0,14.4,6.1,8.957142857142857,8.9,-3.2,1.3142857142857143
590,New York,201615,3.1,1.3,2.257142857142857,5.1,0.0,0.7714285714285714,0.0,0.0,0.0,23.9,14.4,18.085714285714285,7.2,4.4,6.028571428571429
591,New York,201616,3.4,1.7,2.5714285714285716,4.1,0.0,0.5857142857142856,0.0,0.0,0.0,27.8,20.0,23.114285714285717,16.7,8.3,11.342857142857143
592,New York,201617,3.2,1.8,2.3428571428571425,6.1,0.0,1.6428571428571428,0.0,0.0,0.0,20.6,10.6,15.885714285714286,10.0,7.2,8.171428571428573
593,New York,201618,3.9,1.0,2.6999999999999997,15.5,0.0,4.942857142857143,0.0,0.0,0.0,18.9,11.1,14.37142857142857,10.6,7.2,8.814285714285715
594,New York,201619,2.3,1.1,1.775,6.4,0.0,0.9142857142857144,0.0,0.0,0.0,26.7,15.0,20.942857142857143,13.9,7.8,11.342857142857143
595,New York,201620,2.0,0.6,1.52,2.3,0.0,0.4714285714285714,0.0,0.0,0.0,24.4,17.8,20.557142857142857,12.2,6.1,10.785714285714286
596,New York,201621,2.2,0.9,1.6285714285714286,4.6,0.0,0.7285714285714285,0.0,0.0,0.0,33.3,22.8,29.457142857142856,22.8,13.3,18.571428571428573
597,New York,201622,2.7,0.6,1.542857142857143,41.9,0.0,10.885714285714286,0.0,0.0,0.0,29.4,21.1,26.02857142857143,21.7,16.7,18.814285714285713
598,New York,201623,4.0,1.5,2.814285714285714,11.4,0.0,1.6285714285714286,0.0,0.0,0.0,31.1,19.4,26.17142857142857,18.3,11.1,15.0
599,New York,201624,3.3,0.8,1.6714285714285713,5.6,0.0,0.7999999999999999,0.0,0.0,0.0,31.1,23.3,27.057142857142857,18.9,13.9,16.5
600,New York,201625,2.8,0.9,1.6857142857142857,0.0,0.0,0.0,0.0,0.0,0.0,30.6,28.3,29.614285714285717,22.2,17.8,19.599999999999998
601,New York,201626,2.4,1.0,1.6285714285714286,21.1,0.0,5.114285714285715,0.0,0.0,0.0,29.4,24.4,26.642857142857142,20.0,17.2,18.87142857142857
602,New York,201627,2.4,0.9,1.542857142857143,16.8,0.0,6.528571428571429,0.0,0.0,0.0,32.8,22.2,28.9,25.0,18.3,20.714285714285715
603,New York,201628,2.1,1.2,1.7,15.7,0.0,2.242857142857143,0.0,0.0,0.0,32.2,27.2,30.071428571428573,26.1,18.3,22.385714285714283
604,New York,201629,2.9,1.4,2.2,8.9,0.0,1.2714285714285716,0.0,0.0,0.0,35.6,28.3,32.6,26.7,20.0,22.942857142857143
605,New York,201630,1.9,0.9,1.5857142857142856,27.7,0.0,12.414285714285715,0.0,0.0,0.0,35.0,25.6,31.04285714285714,23.9,20.6,22.47142857142857
606,New York,201631,3.1,0.9,1.9000000000000001,1.3,0.0,0.18571428571428572,0.0,0.0,0.0,30.6,26.1,27.942857142857143,22.2,18.9,20.400000000000002
607,New York,201632,2.3,0.6,1.6285714285714286,8.1,0.0,2.242857142857143,0.0,0.0,0.0,35.6,30.0,32.471428571428575,27.2,21.7,23.74285714285714
608,New York,201633,2.4,0.7,1.5999999999999999,20.8,0.0,4.7,0.0,0.0,0.0,33.3,28.3,30.3,25.6,21.1,23.571428571428573
609,New York,201634,2.6,0.8,1.425,0.3,0.0,0.04285714285714286,0.0,0.0,0.0,32.2,26.1,30.085714285714285,23.9,16.1,20.557142857142857
610,New York,201635,3.0,0.8,2.1142857142857143,12.7,0.0,1.8142857142857143,0.0,0.0,0.0,32.8,23.9,28.342857142857145,23.3,18.3,20.557142857142857
611,New York,201636,4.3,1.2,2.557142857142857,5.6,0.0,0.7999999999999999,0.0,0.0,0.0,32.8,26.7,30.0,23.9,18.3,21.428571428571427
612,New York,201637,2.2,1.2,1.7714285714285716,14.2,0.0,2.0285714285714285,0.0,0.0,0.0,32.8,22.8,26.514285714285712,21.1,15.0,17.45714285714286
613,New York,201638,2.3,0.8,1.3285714285714287,17.3,0.0,3.242857142857143,0.0,0.0,0.0,30.6,21.1,26.357142857142858,20.6,12.2,17.614285714285714
614,New York,201639,5.0,1.2,2.9857142857142853,10.2,0.0,2.257142857142857,0.0,0.0,0.0,23.3,15.0,19.12857142857143,17.8,12.2,13.957142857142857
615,New York,201640,3.4,0.9,1.8142857142857143,14.0,0.0,2.8285714285714287,0.0,0.0,0.0,23.9,18.3,21.02857142857143,15.6,10.6,13.514285714285714
616,New York,201641,2.1,0.5,1.542857142857143,0.0,0.0,0.0,0.0,0.0,0.0,20.6,16.7,18.414285714285715,11.7,7.2,9.528571428571428
617,New York,201642,4.7,1.0,2.4714285714285715,28.2,0.0,5.085714285714286,0.0,0.0,0.0,29.4,13.9,22.214285714285715,19.4,7.2,14.428571428571429
618,New York,201643,3.7,1.7,2.4285714285714284,35.8,0.0,7.142857142857143,0.0,0.0,0.0,24.4,10.6,14.857142857142858,12.2,3.3,6.257142857142857
619,New York,201644,3.4,1.4,2.0285714285714285,0.0,0.0,0.0,0.0,0.0,0.0,22.2,12.2,16.814285714285713,13.9,4.4,8.485714285714286
620,New York,201645,3.7,1.1,2.314285714285714,1.5,0.0,0.21428571428571427,0.0,0.0,0.0,18.9,10.0,14.6,9.4,2.8,5.228571428571429
621,New York,201646,4.6,1.1,2.242857142857143,46.0,0.0,8.614285714285714,0.0,0.0,0.0,17.8,5.6,14.685714285714285,9.4,1.1,6.185714285714286
622,New York,201647,5.9,0.9,2.7714285714285714,0.8,0.0,0.18571428571428572,0.0,0.0,0.0,12.2,5.0,8.328571428571427,7.2,1.7,3.642857142857143
623,New York,201648,3.9,1.5,2.8428571428571425,55.9,0.0,10.885714285714286,0.0,0.0,0.0,15.6,8.3,11.5,10.6,3.3,6.114285714285714
624,New York,201649,2.7,1.7,2.2199999999999998,8.9,0.0,2.4,10.0,0.0,1.4285714285714286,9.4,1.7,5.642857142857143,4.4,-2.1,0.9142857142857144
625,New York,201650,4.9,1.8,2.8428571428571425,18.5,0.0,4.6000000000000005,71.0,0.0,10.142857142857142,14.4,-2.7,5.171428571428572,1.7,-8.2,-2.314285714285714
626,New York,201651,3.0,1.3,2.3428571428571425,11.9,0.0,1.7,0.0,0.0,0.0,10.0,-0.5,5.785714285714286,3.3,-6.6,-0.12857142857142861
627,New York,201652,4.2,2.3,3.016666666666667,9.9,0.0,1.7833333333333334,0.0,0.0,0.0,15.6,4.4,8.15,4.4,-0.5,1.1333333333333333
628,Philadelphia,201052,3.4,1.3,2.35,2.3,0.0,1.15,0.0,0.0,0.0,12.2,12.2,12.2,1.7,-1.1,0.29999999999999993
629,Philadelphia,201101,6.6,1.7,3.7142857142857144,2.8,0.0,0.7571428571428571,48.0,0.0,11.571428571428571,5.0,-1.1,1.9857142857142858,-2.8,-5.0,-4.185714285714286
630,Philadelphia,201102,6.3,2.5,4.0,7.9,0.0,1.6714285714285713,104.0,0.0,18.857142857142858,3.3,-1.1,0.5428571428571428,-3.3,-11.1,-6.8999999999999995
631,Philadelphia,201103,7.0,3.0,4.357142857142857,17.0,0.0,3.557142857142857,23.0,0.0,5.857142857142857,6.7,-4.4,0.7285714285714285,0.6,-10.6,-4.828571428571428
632,Philadelphia,201104,6.0,1.1,3.0285714285714285,39.9,0.0,5.957142857142856,361.0,0.0,55.285714285714285,3.9,-3.9,1.6714285714285713,-0.6,-13.3,-5.228571428571429
633,Philadelphia,201105,5.6,3.4,4.0285714285714285,17.8,0.0,3.5,3.0,0.0,0.42857142857142855,6.7,0.0,3.1142857142857143,-1.1,-6.1,-3.1714285714285713
634,Philadelphia,201106,7.8,1.4,4.428571428571429,0.5,0.0,0.1142857142857143,0.0,0.0,0.0,10.0,-1.7,4.514285714285714,-1.7,-8.9,-5.814285714285715
635,Philadelphia,201107,12.0,3.1,6.357142857142857,0.0,0.0,0.0,0.0,0.0,0.0,20.6,6.1,13.357142857142858,7.2,-3.3,1.4428571428571428
636,Philadelphia,201108,7.9,2.1,3.857142857142857,22.9,0.0,5.057142857142857,79.0,0.0,21.857142857142858,17.2,1.7,8.414285714285715,2.2,-5.6,-2.314285714285714
637,Philadelphia,201109,7.1,3.4,5.042857142857143,35.6,0.0,6.1000000000000005,0.0,0.0,0.0,17.2,2.2,11.9,6.1,-5.6,1.1
638,Philadelphia,201110,7.9,2.6,5.671428571428572,29.5,0.0,5.442857142857143,0.0,0.0,0.0,14.4,8.9,11.571428571428571,5.6,-0.6,3.0142857142857147
639,Philadelphia,201111,7.2,3.2,4.485714285714286,17.3,0.0,2.5142857142857147,0.0,0.0,0.0,24.4,8.9,15.7,8.9,0.6,4.057142857142858
640,Philadelphia,201112,5.1,3.9,4.442857142857143,10.2,0.0,2.357142857142857,0.0,0.0,0.0,16.1,6.1,8.814285714285715,6.1,-2.8,1.1142857142857143
641,Philadelphia,201113,5.4,2.8,4.6571428571428575,5.1,0.0,0.9571428571428571,0.0,0.0,0.0,15.0,6.7,10.4,3.9,-2.2,1.1285714285714286
642,Philadelphia,201114,7.5,2.6,4.2,17.3,0.0,3.0142857142857147,0.0,0.0,0.0,26.1,8.3,16.414285714285715,8.9,1.7,5.3999999999999995
643,Philadelphia,201115,7.6,2.7,5.3999999999999995,79.0,0.0,13.685714285714285,0.0,0.0,0.0,28.3,12.2,18.728571428571428,10.6,6.1,8.257142857142856
644,Philadelphia,201116,7.2,3.0,4.1571428571428575,9.7,0.0,1.5,0.0,0.0,0.0,28.9,11.1,20.228571428571428,13.9,4.4,8.485714285714286
645,Philadelphia,201117,5.9,2.3,4.328571428571428,1.0,0.0,0.2571428571428572,0.0,0.0,0.0,29.4,19.4,24.428571428571427,19.4,7.8,14.27142857142857
646,Philadelphia,201118,5.5,1.7,3.8857142857142857,11.9,0.0,1.7,0.0,0.0,0.0,28.3,19.4,22.514285714285712,14.4,7.8,10.557142857142859
647,Philadelphia,201119,4.1,2.4,3.042857142857143,5.3,0.0,1.3428571428571427,0.0,0.0,0.0,25.0,17.8,22.842857142857145,15.6,10.0,12.157142857142857
648,Philadelphia,201120,5.1,2.0,3.4,9.1,0.0,3.7571428571428567,0.0,0.0,0.0,27.2,19.4,22.357142857142858,16.1,13.3,14.671428571428573
649,Philadelphia,201121,4.4,2.0,3.3285714285714287,0.8,0.0,0.1142857142857143,0.0,0.0,0.0,32.8,26.7,30.085714285714285,20.0,15.0,18.557142857142857
650,Philadelphia,201122,6.8,2.0,3.7,0.0,0.0,0.0,0.0,0.0,0.0,35.6,24.4,30.0,22.2,13.3,18.314285714285713
651,Philadelphia,201123,5.0,1.8,3.142857142857143,15.5,0.0,3.057142857142857,0.0,0.0,0.0,37.2,27.2,31.571428571428573,22.2,15.6,19.057142857142857
652,Philadelphia,201124,4.3,2.3,3.3714285714285714,35.1,0.0,5.628571428571428,0.0,0.0,0.0,30.6,23.9,27.7,21.1,13.9,18.085714285714285
653,Philadelphia,201125,3.6,2.5,3.0714285714285716,1.0,0.0,0.32857142857142857,0.0,0.0,0.0,33.3,26.1,29.67142857142857,22.8,18.3,20.314285714285713
654,Philadelphia,201126,4.7,1.6,2.8428571428571425,2.0,0.0,0.35714285714285715,0.0,0.0,0.0,32.2,27.2,29.914285714285715,22.8,18.9,20.485714285714288
655,Philadelphia,201127,3.7,2.2,2.957142857142857,37.6,0.0,5.414285714285714,0.0,0.0,0.0,35.0,30.0,32.68571428571429,23.3,20.6,21.914285714285715
656,Philadelphia,201128,5.4,3.9,4.671428571428572,0.0,0.0,0.0,0.0,0.0,0.0,34.4,30.6,32.05714285714286,24.4,19.4,21.571428571428573
657,Philadelphia,201129,5.2,2.0,3.6,15.0,0.0,2.142857142857143,0.0,0.0,0.0,39.4,32.2,36.18571428571429,28.3,22.8,24.82857142857143
658,Philadelphia,201130,3.4,2.0,2.8000000000000003,8.1,0.0,2.2142857142857144,0.0,0.0,0.0,35.6,30.6,32.92857142857143,25.0,22.2,23.342857142857145
659,Philadelphia,201131,4.3,2.1,3.357142857142857,41.1,0.0,9.4,0.0,0.0,0.0,35.6,28.3,31.042857142857144,24.4,19.4,21.271428571428572
660,Philadelphia,201132,4.4,2.3,3.057142857142857,122.9,0.0,24.557142857142857,0.0,0.0,0.0,33.3,23.9,28.957142857142856,25.6,18.3,21.042857142857144
661,Philadelphia,201133,3.5,1.8,2.7857142857142856,50.3,0.0,13.214285714285714,0.0,0.0,0.0,31.1,27.8,29.857142857142858,22.2,18.3,19.814285714285713
662,Philadelphia,201134,8.6,1.4,4.614285714285714,115.6,0.0,22.9,0.0,0.0,0.0,30.6,25.0,27.157142857142855,22.2,15.6,19.3
663,Philadelphia,201135,3.2,1.1,2.1714285714285717,0.0,0.0,0.0,0.0,0.0,0.0,30.6,25.0,28.0,20.6,15.0,17.47142857142857
664,Philadelphia,201136,5.8,2.4,3.4285714285714284,92.7,0.0,24.771428571428572,0.0,0.0,0.0,29.4,18.9,26.585714285714285,21.1,16.1,19.214285714285715
665,Philadelphia,201137,4.5,2.1,3.314285714285714,4.6,0.0,0.7285714285714285,0.0,0.0,0.0,31.1,18.9,24.842857142857145,20.6,10.0,14.614285714285714
666,Philadelphia,201138,2.4,0.9,1.8,59.7,0.0,8.8,0.0,0.0,0.0,27.8,21.1,24.457142857142856,20.6,11.7,17.728571428571428
667,Philadelphia,201139,4.7,1.5,3.314285714285714,11.7,0.0,5.042857142857143,0.0,0.0,0.0,28.9,13.3,23.585714285714285,21.1,9.4,16.257142857142856
668,Philadelphia,201140,4.6,1.4,2.8000000000000003,0.3,0.0,0.04285714285714286,0.0,0.0,0.0,29.4,13.3,21.571428571428573,11.7,8.3,9.928571428571429
669,Philadelphia,201141,8.0,1.3,4.628571428571428,6.6,0.0,2.0,0.0,0.0,0.0,27.2,17.2,22.214285714285715,16.7,11.7,14.214285714285714
670,Philadelphia,201142,8.2,1.3,4.3,23.6,0.0,3.3714285714285714,0.0,0.0,0.0,22.8,15.0,19.214285714285715,15.6,5.6,10.171428571428573
671,Philadelphia,201143,7.1,2.5,4.085714285714286,37.3,0.0,5.985714285714286,8.0,0.0,1.1428571428571428,18.9,7.2,14.528571428571428,10.0,0.6,5.014285714285714
672,Philadelphia,201144,5.8,0.9,2.6714285714285713,0.0,0.0,0.0,0.0,0.0,0.0,17.2,11.7,14.357142857142858,6.1,-0.6,3.257142857142857
673,Philadelphia,201145,6.8,1.0,3.2142857142857144,1.3,0.0,0.18571428571428572,0.0,0.0,0.0,22.2,8.9,16.442857142857143,7.2,2.2,4.442857142857143
674,Philadelphia,201146,5.9,2.0,3.9714285714285715,18.8,0.0,2.8285714285714287,0.0,0.0,0.0,21.7,7.8,15.242857142857142,13.3,1.1,7.685714285714285
675,Philadelphia,201147,4.9,1.7,3.0285714285714285,42.2,0.0,8.942857142857143,0.0,0.0,0.0,18.9,11.7,15.87142857142857,9.4,2.2,5.542857142857143
676,Philadelphia,201148,6.5,1.4,3.5,14.5,0.0,2.1142857142857143,0.0,0.0,0.0,21.1,10.0,13.971428571428572,10.6,1.1,4.671428571428572
677,Philadelphia,201149,5.5,0.7,3.1714285714285713,51.8,0.0,8.342857142857142,0.0,0.0,0.0,17.2,5.6,11.828571428571427,13.9,-2.2,3.414285714285714
678,Philadelphia,201150,5.1,0.6,3.128571428571429,0.3,0.0,0.04285714285714286,0.0,0.0,0.0,15.0,2.2,9.057142857142857,7.8,-2.8,0.7999999999999999
679,Philadelphia,201151,4.9,2.5,3.585714285714286,30.7,0.0,5.414285714285714,0.0,0.0,0.0,17.2,4.4,11.028571428571428,8.3,-2.8,2.128571428571429
680,Philadelphia,201152,8.3,0.7,4.071428571428571,14.5,0.0,2.142857142857143,0.0,0.0,0.0,15.0,3.9,10.857142857142858,5.6,-3.3,0.7428571428571429
681,Philadelphia,201201,7.2,3.4,4.742857142857143,0.3,0.0,0.04285714285714286,5.0,0.0,0.7142857142857143,17.2,-1.1,7.528571428571429,1.1,-10.0,-2.771428571428572
682,Philadelphia,201202,9.6,1.5,4.642857142857143,17.3,0.0,3.9571428571428577,0.0,0.0,0.0,11.7,-1.7,6.8428571428571425,4.4,-7.8,-1.5285714285714285
683,Philadelphia,201203,6.3,3.4,4.614285714285714,9.7,0.0,2.5857142857142854,58.0,0.0,8.285714285714286,12.8,-0.6,4.828571428571428,2.8,-8.3,-4.042857142857143
684,Philadelphia,201204,5.8,2.6,4.128571428571428,10.7,0.0,2.7714285714285714,0.0,0.0,0.0,16.1,7.2,10.142857142857142,6.1,-0.6,2.6857142857142855
685,Philadelphia,201205,5.2,2.0,3.9714285714285715,0.5,0.0,0.07142857142857142,0.0,0.0,0.0,19.4,5.6,10.571428571428571,8.3,-0.6,1.9000000000000001
686,Philadelphia,201206,7.9,2.3,4.271428571428571,6.6,0.0,1.2285714285714284,23.0,0.0,4.428571428571429,11.1,0.0,6.257142857142857,0.0,-7.2,-2.4714285714285715
687,Philadelphia,201207,5.7,1.2,3.4285714285714284,4.1,0.0,0.5857142857142856,0.0,0.0,0.0,11.1,6.7,9.214285714285714,1.7,-3.9,0.18571428571428572
688,Philadelphia,201208,10.8,3.4,5.3999999999999995,7.4,0.0,1.0571428571428572,0.0,0.0,0.0,16.7,7.2,10.957142857142857,8.3,-1.7,2.457142857142857
689,Philadelphia,201209,4.9,2.6,3.8285714285714287,26.2,0.0,4.8999999999999995,0.0,0.0,0.0,15.6,7.2,11.257142857142856,7.2,0.0,2.6999999999999997
690,Philadelphia,201210,8.5,2.9,5.314285714285715,0.5,0.0,0.07142857142857142,0.0,0.0,0.0,21.1,6.7,13.185714285714285,10.6,-2.8,1.6714285714285715
691,Philadelphia,201211,4.3,2.0,2.971428571428571,2.0,0.0,0.2857142857142857,0.0,0.0,0.0,24.4,14.4,19.67142857142857,12.2,3.3,8.242857142857144
692,Philadelphia,201212,4.4,0.8,2.4285714285714284,2.0,0.0,0.37142857142857144,0.0,0.0,0.0,26.7,15.0,21.514285714285712,14.4,7.2,11.257142857142856
693,Philadelphia,201213,7.7,2.5,5.014285714285714,6.9,0.0,1.5999999999999999,0.0,0.0,0.0,19.4,8.9,14.185714285714285,6.1,0.0,4.042857142857143
694,Philadelphia,201214,7.2,3.6,5.528571428571429,4.1,0.0,0.5857142857142856,0.0,0.0,0.0,21.7,15.0,18.02857142857143,10.0,2.8,5.1
695,Philadelphia,201215,7.5,3.4,5.142857142857143,1.0,0.0,0.14285714285714285,0.0,0.0,0.0,27.8,12.8,18.885714285714283,13.3,5.0,7.785714285714286
696,Philadelphia,201216,5.7,1.6,3.457142857142857,47.5,0.0,7.328571428571428,0.0,0.0,0.0,31.7,13.3,23.02857142857143,16.1,7.8,11.828571428571427
697,Philadelphia,201217,6.9,2.9,4.728571428571429,2.5,0.0,0.5714285714285714,0.0,0.0,0.0,19.4,10.0,16.04285714285714,7.2,3.3,5.3999999999999995
698,Philadelphia,201218,3.5,1.6,2.6571428571428575,6.4,0.0,1.7714285714285716,0.0,0.0,0.0,26.7,16.1,20.714285714285715,14.4,6.1,11.571428571428571
699,Philadelphia,201219,5.6,2.9,3.9857142857142853,12.7,0.0,2.142857142857143,0.0,0.0,0.0,27.8,20.0,23.428571428571427,14.4,10.0,11.814285714285715
700,Philadelphia,201220,4.5,2.3,3.085714285714286,20.8,0.0,3.185714285714286,0.0,0.0,0.0,27.8,21.1,24.985714285714288,17.8,11.1,14.685714285714285
701,Philadelphia,201221,4.0,1.6,2.8285714285714287,22.1,0.0,4.6571428571428575,0.0,0.0,0.0,31.1,21.1,27.3,21.1,16.1,18.314285714285713
702,Philadelphia,201222,5.5,1.6,4.057142857142858,18.0,0.0,3.3714285714285714,0.0,0.0,0.0,33.3,23.3,27.942857142857143,20.0,14.4,18.17142857142857
703,Philadelphia,201223,4.4,2.4,3.0142857142857147,10.2,0.0,1.457142857142857,0.0,0.0,0.0,34.4,20.0,26.514285714285712,18.9,11.1,14.671428571428569
704,Philadelphia,201224,5.6,2.5,3.742857142857143,25.1,0.0,3.585714285714286,0.0,0.0,0.0,30.0,22.2,26.67142857142857,20.0,15.6,17.557142857142857
705,Philadelphia,201225,4.0,2.4,3.042857142857143,14.0,0.0,2.0,0.0,0.0,0.0,36.1,22.8,31.357142857142858,24.4,13.9,20.071428571428573
706,Philadelphia,201226,5.7,3.6,4.571428571428571,3.6,0.0,0.6571428571428571,0.0,0.0,0.0,36.7,26.7,32.3,23.3,15.0,19.5
707,Philadelphia,201227,4.4,2.7,3.557142857142857,0.0,0.0,0.0,0.0,0.0,0.0,38.3,32.2,35.08571428571428,27.2,21.1,24.585714285714285
708,Philadelphia,201228,3.3,1.9,2.5285714285714285,11.4,0.0,2.6142857142857143,0.0,0.0,0.0,33.3,27.2,31.82857142857143,23.3,20.0,21.74285714285714
709,Philadelphia,201229,5.3,2.6,3.757142857142857,6.6,0.0,0.9428571428571428,0.0,0.0,0.0,37.8,23.3,30.87142857142857,26.7,17.8,22.071428571428573
710,Philadelphia,201230,5.8,2.4,4.057142857142857,11.7,0.0,1.8142857142857143,0.0,0.0,0.0,36.1,29.4,32.84285714285714,25.0,21.1,22.385714285714283
711,Philadelphia,201231,5.5,1.6,2.8714285714285714,22.9,0.0,4.942857142857143,0.0,0.0,0.0,35.6,27.8,32.24285714285714,24.4,20.6,22.385714285714283
712,Philadelphia,201232,4.1,1.8,2.9285714285714284,27.9,0.0,4.242857142857143,0.0,0.0,0.0,33.3,28.3,30.54285714285714,23.3,21.1,22.385714285714283
713,Philadelphia,201233,3.6,1.7,2.7285714285714286,15.0,0.0,6.642857142857143,0.0,0.0,0.0,32.2,26.7,29.371428571428574,22.2,17.8,20.32857142857143
714,Philadelphia,201234,4.1,1.5,2.414285714285714,0.0,0.0,0.0,0.0,0.0,0.0,32.2,27.8,29.75714285714286,22.2,18.3,20.3
715,Philadelphia,201235,4.6,2.6,3.257142857142857,21.3,0.0,4.242857142857143,0.0,0.0,0.0,33.3,25.6,30.400000000000002,23.3,18.3,21.414285714285715
716,Philadelphia,201236,4.2,1.7,3.2714285714285714,79.2,0.0,13.971428571428573,0.0,0.0,0.0,31.7,25.6,28.657142857142855,22.8,16.7,21.042857142857144
717,Philadelphia,201237,5.2,1.6,2.8000000000000003,0.0,0.0,0.0,0.0,0.0,0.0,27.2,23.9,25.228571428571428,16.1,12.2,15.0
718,Philadelphia,201238,6.9,1.4,3.442857142857143,18.5,0.0,4.542857142857143,0.0,0.0,0.0,29.4,21.1,24.928571428571427,20.6,12.8,14.771428571428572
719,Philadelphia,201239,4.2,1.7,3.1142857142857143,5.3,0.0,0.7999999999999999,0.0,0.0,0.0,27.2,18.3,23.0,18.9,10.6,15.0
720,Philadelphia,201240,4.6,1.3,2.6142857142857143,4.3,0.0,0.9142857142857144,0.0,0.0,0.0,27.8,12.2,23.428571428571427,19.4,8.9,14.685714285714285
721,Philadelphia,201241,5.4,2.3,3.9285714285714284,0.8,0.0,0.18571428571428572,0.0,0.0,0.0,23.9,12.8,17.157142857142855,12.2,2.8,7.942857142857142
722,Philadelphia,201242,4.6,1.5,3.614285714285714,9.4,0.0,1.5571428571428572,0.0,0.0,0.0,23.3,16.7,19.928571428571427,17.2,6.7,10.714285714285714
723,Philadelphia,201243,6.8,0.7,3.0714285714285716,10.4,0.0,1.4857142857142858,0.0,0.0,0.0,23.3,15.6,19.842857142857145,15.6,8.3,12.700000000000001
724,Philadelphia,201244,12.5,4.2,6.214285714285714,68.1,0.0,10.671428571428569,0.0,0.0,0.0,17.2,8.9,11.114285714285714,10.0,2.8,6.428571428571429
725,Philadelphia,201245,7.2,0.4,4.1,9.9,0.0,1.4571428571428573,0.0,0.0,0.0,20.0,5.6,11.271428571428572,4.4,0.0,2.0714285714285716
726,Philadelphia,201246,5.4,2.5,3.5285714285714285,3.6,0.0,0.5142857142857143,0.0,0.0,0.0,21.7,9.4,13.085714285714285,6.1,1.7,3.257142857142857
727,Philadelphia,201247,7.6,1.7,3.7142857142857144,0.0,0.0,0.0,0.0,0.0,0.0,14.4,5.0,11.642857142857142,4.4,-1.1,2.5285714285714285
728,Philadelphia,201248,4.0,2.0,3.1285714285714286,13.0,0.0,1.9000000000000001,0.0,0.0,0.0,12.2,5.6,8.9,5.6,-2.2,0.9571428571428571
729,Philadelphia,201249,5.3,0.7,2.357142857142857,8.1,0.0,2.5714285714285716,0.0,0.0,0.0,19.4,6.1,12.685714285714285,8.9,-1.1,4.285714285714286
730,Philadelphia,201250,3.8,0.9,2.0571428571428574,2.3,0.0,0.7,0.0,0.0,0.0,15.6,8.9,11.299999999999999,7.2,-1.1,2.7714285714285714
731,Philadelphia,201251,9.7,3.2,5.671428571428571,32.5,0.0,7.071428571428571,0.0,0.0,0.0,15.6,5.6,10.414285714285715,6.7,-0.6,2.857142857142857
732,Philadelphia,201252,8.1,2.0,5.014285714285714,30.0,0.0,5.671428571428572,5.0,0.0,1.4285714285714286,7.2,1.7,5.171428571428572,2.2,-1.7,0.07142857142857142
733,Philadelphia,201301,5.9,3.0,4.271428571428571,2.3,0.0,0.32857142857142857,18.0,0.0,2.5714285714285716,8.9,1.7,4.7,0.6,-3.9,-1.5
734,Philadelphia,201302,3.2,1.1,2.2857142857142856,17.3,0.0,2.4714285714285715,0.0,0.0,0.0,11.7,8.3,10.242857142857144,6.1,-2.8,1.6428571428571428
735,Philadelphia,201303,6.7,2.9,4.271428571428571,21.6,0.0,5.085714285714286,0.0,0.0,0.0,14.4,3.9,8.414285714285715,5.6,-1.7,1.4285714285714286
736,Philadelphia,201304,7.3,2.4,4.042857142857143,1.8,0.0,0.4428571428571429,38.0,0.0,10.571428571428571,2.2,-5.6,-1.8428571428571427,-2.8,-11.1,-8.314285714285715
737,Philadelphia,201305,10.7,1.3,4.985714285714286,15.7,0.0,3.957142857142857,13.0,0.0,4.142857142857143,20.0,-1.1,7.385714285714285,3.3,-7.8,-2.142857142857143
738,Philadelphia,201306,7.8,1.7,4.214285714285714,8.6,0.0,1.6714285714285713,36.0,0.0,6.285714285714286,5.6,0.0,2.957142857142857,0.6,-6.1,-3.242857142857143
739,Philadelphia,201307,8.6,2.3,4.185714285714285,12.4,0.0,2.7857142857142856,5.0,0.0,0.7142857142857143,13.9,0.0,7.771428571428572,1.7,-5.0,-0.6428571428571429
740,Philadelphia,201308,7.9,2.8,5.257142857142857,5.3,0.0,1.1857142857142857,0.0,0.0,0.0,9.4,2.8,5.628571428571428,1.7,-6.1,-2.3
741,Philadelphia,201309,5.7,3.0,4.628571428571428,9.9,0.0,1.885714285714286,0.0,0.0,0.0,11.7,4.4,7.771428571428571,5.0,-2.2,0.6142857142857142
742,Philadelphia,201310,9.9,2.1,5.857142857142857,3.3,0.0,0.5428571428571428,5.0,0.0,0.7142857142857143,16.7,5.0,9.685714285714285,2.8,-0.6,0.5428571428571428
743,Philadelphia,201311,7.7,2.6,5.085714285714286,22.9,0.0,3.414285714285714,0.0,0.0,0.0,15.6,6.1,10.4,6.1,-1.7,1.4142857142857144
744,Philadelphia,201312,6.3,2.8,5.214285714285714,12.2,0.0,2.5,0.0,0.0,0.0,11.7,4.4,8.1,3.3,-2.2,-0.4142857142857143
745,Philadelphia,201313,5.5,2.7,4.285714285714286,11.7,0.0,2.3285714285714283,28.0,0.0,4.0,15.0,3.9,11.1,3.3,0.6,2.085714285714286
746,Philadelphia,201314,6.1,3.4,4.871428571428572,2.3,0.0,0.32857142857142857,0.0,0.0,0.0,18.9,7.8,13.5,3.9,-0.5,2.085714285714286
747,Philadelphia,201315,6.1,2.4,4.1,31.2,0.0,4.971428571428571,0.0,0.0,0.0,31.7,10.0,21.914285714285715,15.6,5.6,9.842857142857143
748,Philadelphia,201316,6.3,2.5,4.3,11.2,0.0,2.042857142857143,0.0,0.0,0.0,25.6,12.8,19.228571428571428,12.2,2.8,8.814285714285715
749,Philadelphia,201317,5.6,2.6,3.957142857142857,0.3,0.0,0.04285714285714286,0.0,0.0,0.0,22.2,10.6,17.87142857142857,9.4,3.3,7.128571428571428
750,Philadelphia,201318,5.0,2.6,4.085714285714286,7.1,0.0,1.0571428571428572,0.0,0.0,0.0,23.3,15.0,19.842857142857145,11.7,7.8,8.671428571428573
751,Philadelphia,201319,5.9,2.7,3.7857142857142856,13.7,0.0,5.985714285714286,0.0,0.0,0.0,28.3,19.4,23.17142857142857,17.2,7.2,12.928571428571429
752,Philadelphia,201320,5.0,2.7,3.3714285714285714,3.3,0.0,0.9857142857142858,0.0,0.0,0.0,27.8,13.9,20.8,16.7,5.0,12.4
753,Philadelphia,201321,7.6,2.8,5.1571428571428575,4.8,0.0,0.9714285714285714,0.0,0.0,0.0,30.6,17.8,24.685714285714287,21.1,8.9,14.828571428571427
754,Philadelphia,201322,5.5,1.2,3.5714285714285716,3.6,0.0,0.5571428571428572,0.0,0.0,0.0,33.9,18.9,29.599999999999998,22.2,9.4,18.0
755,Philadelphia,201323,4.7,2.0,3.2857142857142856,88.9,0.0,16.97142857142857,0.0,0.0,0.0,27.8,22.2,25.385714285714283,20.6,14.4,16.814285714285713
756,Philadelphia,201324,6.4,3.1,4.3428571428571425,53.3,0.0,9.571428571428571,0.0,0.0,0.0,29.4,25.0,28.071428571428573,21.1,13.9,17.614285714285717
757,Philadelphia,201325,3.6,1.8,2.542857142857143,24.9,0.0,3.557142857142857,0.0,0.0,0.0,31.1,26.1,28.400000000000002,20.0,15.0,17.52857142857143
758,Philadelphia,201326,4.5,2.2,3.4142857142857146,18.8,0.0,8.17142857142857,0.0,0.0,0.0,33.9,28.9,31.757142857142856,22.8,21.1,21.67142857142857
759,Philadelphia,201327,4.8,3.2,4.2,6.6,0.0,1.157142857142857,0.0,0.0,0.0,34.4,26.7,31.585714285714285,25.0,22.8,23.8
760,Philadelphia,201328,5.2,2.6,3.7142857142857144,28.4,0.0,4.428571428571429,0.0,0.0,0.0,32.8,26.1,30.571428571428573,25.0,21.1,23.485714285714288
761,Philadelphia,201329,5.7,2.6,3.814285714285714,9.9,0.0,1.4142857142857144,0.0,0.0,0.0,36.7,32.8,35.0,27.2,23.3,25.3
762,Philadelphia,201330,5.0,2.8,3.4857142857142853,203.7,0.0,40.17142857142857,0.0,0.0,0.0,31.7,23.3,28.557142857142857,23.9,17.2,20.32857142857143
763,Philadelphia,201331,4.0,1.9,3.1714285714285713,33.8,0.0,5.7,0.0,0.0,0.0,30.0,23.3,27.3,20.0,18.3,19.514285714285712
764,Philadelphia,201332,5.1,2.5,3.3857142857142857,8.9,0.0,1.4857142857142858,0.0,0.0,0.0,31.1,24.4,27.942857142857143,24.4,16.7,20.24285714285714
765,Philadelphia,201333,5.6,1.3,2.5714285714285716,51.3,0.0,7.442857142857142,0.0,0.0,0.0,30.0,24.4,26.900000000000002,22.2,14.4,17.928571428571427
766,Philadelphia,201334,3.5,2.3,2.8714285714285714,27.4,0.0,3.914285714285714,0.0,0.0,0.0,31.7,25.0,28.099999999999998,21.1,16.1,19.114285714285717
767,Philadelphia,201335,4.9,1.4,3.3285714285714287,26.4,0.0,3.7714285714285714,0.0,0.0,0.0,31.7,24.4,29.357142857142858,23.3,18.3,21.585714285714285
768,Philadelphia,201336,4.5,1.9,3.2857142857142856,48.0,0.0,6.8999999999999995,0.0,0.0,0.0,28.9,23.3,27.142857142857142,21.7,12.8,17.228571428571428
769,Philadelphia,201337,4.5,2.5,3.5428571428571423,4.1,0.0,0.7,0.0,0.0,0.0,34.4,18.9,27.057142857142857,23.3,10.0,16.757142857142856
770,Philadelphia,201338,4.9,1.6,3.1,26.7,0.0,4.257142857142857,0.0,0.0,0.0,26.7,19.4,23.17142857142857,15.0,8.9,12.299999999999999
771,Philadelphia,201339,4.0,1.4,2.414285714285714,0.0,0.0,0.0,0.0,0.0,0.0,24.4,20.0,22.771428571428572,15.0,8.3,11.9
772,Philadelphia,201340,3.4,1.1,2.357142857142857,0.3,0.0,0.04285714285714286,0.0,0.0,0.0,30.0,23.3,28.17142857142857,19.4,11.7,16.657142857142855
773,Philadelphia,201341,7.0,3.7,5.457142857142857,42.4,0.0,8.385714285714284,0.0,0.0,0.0,26.7,16.7,20.228571428571428,15.6,11.1,13.5
774,Philadelphia,201342,4.5,1.7,2.9,1.8,0.0,0.3,0.0,0.0,0.0,23.3,17.2,20.7,17.2,8.9,11.528571428571428
775,Philadelphia,201343,5.7,2.5,4.2,0.3,0.0,0.04285714285714286,0.0,0.0,0.0,20.0,11.7,15.471428571428572,8.3,2.8,5.471428571428571
776,Philadelphia,201344,6.1,1.1,3.2285714285714286,4.8,0.0,0.8285714285714285,0.0,0.0,0.0,21.7,12.2,17.771428571428572,13.3,2.2,7.928571428571429
777,Philadelphia,201345,6.5,2.2,4.142857142857143,1.3,0.0,0.18571428571428572,0.0,0.0,0.0,19.4,8.9,14.12857142857143,8.3,0.6,4.128571428571428
778,Philadelphia,201346,5.7,1.0,3.7285714285714286,0.0,0.0,0.0,0.0,0.0,0.0,20.6,5.0,12.700000000000001,10.6,-2.1,3.1285714285714286
779,Philadelphia,201347,7.8,2.2,5.214285714285714,4.6,0.0,0.7714285714285714,0.0,0.0,0.0,19.4,0.0,11.1,10.6,-4.3,2.5714285714285716
780,Philadelphia,201348,6.5,1.8,3.742857142857143,39.6,0.0,8.27142857142857,0.0,0.0,0.0,17.8,1.7,7.957142857142857,0.6,-6.6,-1.6714285714285713
781,Philadelphia,201349,4.9,0.5,2.6142857142857143,19.6,0.0,5.128571428571429,218.0,0.0,31.142857142857142,17.2,0.6,10.485714285714284,9.4,-2.7,3.0285714285714285
782,Philadelphia,201350,5.5,3.9,4.542857142857143,24.9,0.0,7.3428571428571425,56.0,0.0,9.142857142857142,6.1,-1.0,2.3999999999999995,0.0,-6.0,-2.6999999999999997
783,Philadelphia,201351,6.2,2.5,3.957142857142857,1.3,0.0,0.32857142857142857,3.0,0.0,0.42857142857142855,20.0,1.1,9.514285714285714,15.0,-4.3,1.242857142857143
784,Philadelphia,201352,6.4,2.5,3.6714285714285713,30.2,0.0,6.085714285714286,0.0,0.0,0.0,17.2,0.0,8.414285714285715,5.6,-6.0,-1.342857142857143
785,Philadelphia,201401,7.2,1.8,3.9285714285714284,10.2,0.0,3.1999999999999997,142.0,0.0,32.57142857142857,11.7,-5.5,3.1999999999999997,-2.7,-13.2,-6.971428571428571
786,Philadelphia,201402,8.4,1.6,4.728571428571429,19.3,0.0,5.6,0.0,0.0,0.0,16.1,-10.5,4.8,2.2,-15.5,-6.042857142857143
787,Philadelphia,201403,5.6,1.6,3.2857142857142856,4.3,0.0,0.6142857142857142,0.0,0.0,0.0,13.9,3.9,7.714285714285714,2.8,-6.0,-2.142857142857143
788,Philadelphia,201404,6.7,3.8,5.514285714285714,17.8,0.0,3.242857142857143,343.0,0.0,57.714285714285715,10.6,-8.8,-1.528571428571429,0.6,-15.5,-9.657142857142857
789,Philadelphia,201405,5.3,1.0,2.9857142857142853,1.8,0.0,0.2571428571428572,25.0,0.0,3.5714285714285716,11.7,-6.0,3.1571428571428575,-1.0,-12.1,-7.042857142857143
790,Philadelphia,201406,4.9,2.0,3.5,36.3,0.0,9.942857142857141,89.0,0.0,22.571428571428573,7.2,-1.0,1.7714285714285716,-0.5,-5.5,-3.557142857142857
791,Philadelphia,201407,8.7,3.9,5.514285714285714,31.8,0.0,5.8428571428571425,264.0,0.0,43.857142857142854,6.7,-2.7,0.5285714285714286,-0.5,-11.0,-5.7
792,Philadelphia,201408,4.5,2.3,3.014285714285714,9.1,0.0,2.457142857142857,76.0,0.0,10.857142857142858,17.2,1.1,10.471428571428572,3.3,-7.1,-1.442857142857143
793,Philadelphia,201409,6.4,1.8,4.128571428571429,2.3,0.0,0.4714285714285714,28.0,0.0,4.0,5.6,-3.2,2.1714285714285713,-0.5,-12.1,-5.7
794,Philadelphia,201410,5.1,2.4,4.257142857142857,8.6,0.0,1.2714285714285716,86.0,0.0,12.285714285714286,14.4,-1.6,4.8428571428571425,3.3,-11.0,-4.371428571428572
795,Philadelphia,201411,9.8,3.1,5.671428571428572,7.1,0.0,1.0142857142857142,0.0,0.0,0.0,20.6,0.6,12.542857142857143,7.2,-6.0,-0.02857142857142847
796,Philadelphia,201412,6.0,3.8,4.814285714285715,17.0,0.0,3.257142857142857,119.0,0.0,17.0,20.0,0.0,10.314285714285715,3.3,-4.9,0.0428571428571428
797,Philadelphia,201413,8.4,3.0,5.314285714285715,43.7,0.0,9.62857142857143,10.0,0.0,1.4285714285714286,18.3,2.2,8.157142857142857,7.2,-4.9,-0.342857142857143
798,Philadelphia,201414,7.7,1.7,4.2,1.3,0.0,0.3,0.0,0.0,0.0,18.9,10.6,15.085714285714287,7.2,1.7,4.542857142857143
799,Philadelphia,201415,6.4,2.9,4.385714285714286,9.7,0.0,2.0,0.0,0.0,0.0,27.8,11.7,20.885714285714283,12.2,2.8,8.1
800,Philadelphia,201416,7.9,2.6,5.228571428571429,19.3,0.0,2.757142857142857,0.0,0.0,0.0,26.1,9.4,16.6,16.7,-0.5,5.185714285714285
801,Philadelphia,201417,8.9,2.7,5.1000000000000005,12.4,0.0,1.8142857142857145,0.0,0.0,0.0,24.4,16.1,19.67142857142857,8.9,3.9,6.985714285714286
802,Philadelphia,201418,7.6,2.7,4.685714285714285,112.3,0.0,17.928571428571427,0.0,0.0,0.0,26.1,10.0,18.97142857142857,16.7,6.7,10.171428571428573
803,Philadelphia,201419,5.0,2.5,3.6285714285714286,2.5,0.0,0.4714285714285714,0.0,0.0,0.0,28.9,18.9,23.271428571428572,16.7,9.4,12.62857142857143
804,Philadelphia,201420,5.4,3.1,4.0285714285714285,39.9,0.0,5.7,0.0,0.0,0.0,30.0,20.0,23.814285714285713,15.6,10.0,13.014285714285714
805,Philadelphia,201421,4.6,1.5,3.2142857142857144,2.0,0.0,0.42857142857142855,0.0,0.0,0.0,27.8,20.0,24.428571428571427,16.7,9.4,13.814285714285715
806,Philadelphia,201422,4.5,2.4,3.5142857142857147,15.5,0.0,3.4857142857142853,0.0,0.0,0.0,31.1,15.6,25.014285714285712,18.9,12.2,14.214285714285714
807,Philadelphia,201423,4.7,2.8,3.557142857142857,11.4,0.0,1.6714285714285715,0.0,0.0,0.0,31.7,25.0,28.342857142857145,18.9,13.3,16.757142857142856
808,Philadelphia,201424,5.5,2.1,3.4714285714285715,65.8,0.0,13.64285714285714,0.0,0.0,0.0,30.0,22.2,26.657142857142855,21.1,14.4,18.228571428571428
809,Philadelphia,201425,5.5,1.7,3.2285714285714286,13.5,0.0,1.9285714285714286,0.0,0.0,0.0,34.4,26.1,29.82857142857143,25.6,16.7,20.085714285714285
810,Philadelphia,201426,4.4,1.8,3.2,16.3,0.0,2.585714285714286,0.0,0.0,0.0,32.2,28.3,30.085714285714285,21.7,17.2,19.52857142857143
811,Philadelphia,201427,6.6,3.2,4.642857142857143,5.3,0.0,1.2285714285714284,0.0,0.0,0.0,35.6,25.6,31.114285714285717,23.9,17.8,20.714285714285715
812,Philadelphia,201428,6.5,3.0,4.571428571428571,4.3,0.0,0.7999999999999999,0.0,0.0,0.0,35.0,30.6,32.55714285714286,23.3,21.1,22.12857142857143
813,Philadelphia,201429,3.9,2.4,3.3000000000000003,30.0,0.0,7.228571428571429,0.0,0.0,0.0,32.8,27.2,29.442857142857143,23.3,18.3,20.785714285714285
814,Philadelphia,201430,5.0,2.2,3.4857142857142853,31.8,0.0,5.528571428571429,0.0,0.0,0.0,33.9,27.2,30.314285714285713,22.2,17.2,20.314285714285713
815,Philadelphia,201431,6.2,2.5,3.5285714285714285,9.1,0.0,3.642857142857143,0.0,0.0,0.0,30.0,24.4,26.900000000000002,21.1,16.7,19.12857142857143
816,Philadelphia,201432,3.7,2.2,2.9,0.0,0.0,0.0,0.0,0.0,0.0,32.2,27.8,29.52857142857143,21.7,17.2,19.685714285714287
817,Philadelphia,201433,5.0,2.6,3.857142857142857,27.4,0.0,4.828571428571428,0.0,0.0,0.0,29.4,25.0,27.52857142857143,20.6,15.6,18.02857142857143
818,Philadelphia,201434,3.7,2.1,2.7285714285714286,6.4,0.0,1.2,0.0,0.0,0.0,30.6,23.3,27.842857142857145,21.7,17.2,19.057142857142857
819,Philadelphia,201435,5.7,2.0,3.2285714285714286,28.2,0.0,4.0285714285714285,0.0,0.0,0.0,33.9,27.2,29.914285714285715,22.2,15.6,18.571428571428573
820,Philadelphia,201436,4.4,2.5,3.257142857142857,4.6,0.0,0.7428571428571428,0.0,0.0,0.0,33.9,28.3,31.357142857142858,23.3,18.9,21.657142857142855
821,Philadelphia,201437,4.8,2.9,3.8428571428571425,9.1,0.0,1.3,0.0,0.0,0.0,28.9,20.6,24.771428571428572,19.4,11.7,17.357142857142858
822,Philadelphia,201438,4.8,2.1,2.9,5.1,0.0,0.7285714285714285,0.0,0.0,0.0,26.1,22.2,23.87142857142857,18.3,11.7,14.185714285714287
823,Philadelphia,201439,6.4,2.2,3.8285714285714287,22.6,0.0,3.3714285714285714,0.0,0.0,0.0,30.0,17.8,24.3,15.6,10.0,13.585714285714285
824,Philadelphia,201440,5.4,2.3,3.3714285714285714,4.3,0.0,0.8285714285714285,0.0,0.0,0.0,26.1,16.1,22.214285714285715,17.8,6.1,14.214285714285714
825,Philadelphia,201441,6.0,1.5,3.857142857142857,12.2,0.0,3.1285714285714286,0.0,0.0,0.0,23.9,13.9,19.52857142857143,17.2,7.8,11.271428571428572
826,Philadelphia,201442,5.6,2.0,4.214285714285714,16.8,0.0,3.3428571428571425,0.0,0.0,0.0,26.1,13.3,21.5,19.4,7.2,14.271428571428572
827,Philadelphia,201443,7.7,2.0,4.871428571428572,11.2,0.0,1.7857142857142858,0.0,0.0,0.0,21.1,13.9,18.314285714285713,11.7,3.9,9.457142857142857
828,Philadelphia,201444,9.7,2.4,4.914285714285714,23.4,0.0,3.457142857142857,0.0,0.0,0.0,24.4,9.4,16.17142857142857,10.0,4.4,7.371428571428572
829,Philadelphia,201445,6.4,2.6,3.942857142857143,13.2,0.0,1.9285714285714286,0.0,0.0,0.0,21.7,10.0,15.257142857142856,11.1,1.1,6.014285714285714
830,Philadelphia,201446,5.5,1.1,3.0,4.1,0.0,0.9142857142857143,0.0,0.0,0.0,21.1,6.1,12.528571428571428,7.8,0.0,2.957142857142857
831,Philadelphia,201447,9.3,3.0,5.271428571428571,26.7,0.0,3.814285714285714,0.0,0.0,0.0,13.9,2.2,7.714285714285714,4.4,-6.6,-1.542857142857143
832,Philadelphia,201448,7.7,2.1,4.628571428571428,24.1,0.0,4.785714285714286,0.0,0.0,0.0,22.2,3.9,11.985714285714286,13.3,-3.2,3.142857142857143
833,Philadelphia,201449,7.9,2.6,4.4,25.9,0.0,5.271428571428571,0.0,0.0,0.0,18.3,7.2,9.757142857142856,5.6,0.0,2.857142857142857
834,Philadelphia,201450,8.8,4.1,6.285714285714286,16.8,0.0,2.542857142857143,3.0,0.0,0.42857142857142855,8.3,2.8,5.557142857142857,2.8,-2.7,1.2142857142857142
835,Philadelphia,201451,5.7,2.0,3.6571428571428575,3.0,0.0,0.42857142857142855,0.0,0.0,0.0,11.7,1.7,7.0,3.9,-1.6,0.9714285714285714
836,Philadelphia,201452,6.8,1.7,3.6142857142857143,20.8,0.0,3.628571428571429,0.0,0.0,0.0,18.3,7.2,13.085714285714285,8.3,-2.7,3.0285714285714285
837,Philadelphia,201501,7.0,2.5,4.242857142857143,18.3,0.0,3.9571428571428577,0.0,0.0,0.0,14.4,0.6,6.6000000000000005,5.6,-3.8,-0.47142857142857153
838,Philadelphia,201502,8.1,2.5,5.557142857142857,3.0,0.0,0.4714285714285714,38.0,0.0,5.428571428571429,10.0,-6.0,-0.257142857142857,-4.3,-12.7,-8.62857142857143
839,Philadelphia,201503,6.7,2.3,4.0285714285714285,46.7,0.0,8.814285714285715,0.0,0.0,0.0,6.1,0.0,3.0857142857142854,0.6,-7.7,-4.2
840,Philadelphia,201504,5.1,2.2,3.6999999999999997,14.0,0.0,2.914285714285714,15.0,0.0,5.428571428571429,7.8,1.1,5.485714285714286,0.6,-3.8,-1.2714285714285716
841,Philadelphia,201505,7.7,2.7,5.871428571428572,1.8,0.0,0.4714285714285714,20.0,0.0,7.285714285714286,5.6,-1.6,1.8428571428571427,-2.7,-9.9,-6.257142857142857
842,Philadelphia,201506,7.6,2.6,4.514285714285714,23.6,0.0,3.3714285714285714,3.0,0.0,0.42857142857142855,10.6,-1.0,4.942857142857143,0.6,-9.9,-5.7
843,Philadelphia,201507,10.3,4.0,6.3428571428571425,1.0,0.0,0.2571428571428572,33.0,0.0,4.714285714285714,5.6,-6.0,0.9999999999999999,-2.1,-12.7,-6.642857142857143
844,Philadelphia,201508,8.9,2.1,4.457142857142857,19.3,0.0,4.714285714285714,122.0,0.0,30.857142857142858,8.3,-8.2,-1.9285714285714284,0.6,-16.6,-11.428571428571429
845,Philadelphia,201509,6.3,2.2,3.657142857142857,13.2,0.0,1.8857142857142857,10.0,0.0,1.4285714285714286,3.3,-3.8,0.2571428571428571,-3.2,-13.8,-8.157142857142857
846,Philadelphia,201510,5.4,2.6,4.1,19.8,0.0,6.814285714285715,191.0,0.0,27.714285714285715,10.0,-3.2,3.9714285714285715,0.6,-11.6,-5.3999999999999995
847,Philadelphia,201511,7.3,1.5,3.942857142857143,24.1,0.0,6.3,0.0,0.0,0.0,16.1,8.9,12.142857142857142,6.7,-1.0,2.314285714285714
848,Philadelphia,201512,6.9,2.3,4.685714285714285,17.8,0.0,2.542857142857143,99.0,0.0,14.142857142857142,20.0,2.8,10.171428571428573,2.8,-2.1,0.2714285714285714
849,Philadelphia,201513,7.8,1.6,4.171428571428572,8.6,0.0,2.142857142857143,0.0,0.0,0.0,19.4,4.4,8.557142857142857,3.9,-3.2,-0.4857142857142858
850,Philadelphia,201514,8.5,3.8,5.6571428571428575,3.0,0.0,0.7571428571428571,3.0,0.0,0.42857142857142855,19.4,13.3,16.257142857142856,13.9,1.1,4.7
851,Philadelphia,201515,6.0,2.6,4.328571428571428,6.1,0.0,1.3142857142857143,0.0,0.0,0.0,23.9,6.1,15.4,8.3,3.3,5.0
852,Philadelphia,201516,5.7,2.9,3.8714285714285714,3.8,0.0,0.9714285714285714,0.0,0.0,0.0,27.2,17.2,21.97142857142857,12.8,6.7,10.157142857142857
853,Philadelphia,201517,7.4,3.3,5.357142857142857,51.1,0.0,10.271428571428572,0.0,0.0,0.0,24.4,11.1,17.614285714285714,10.6,2.8,6.985714285714286
854,Philadelphia,201518,6.2,2.1,3.9714285714285715,0.0,0.0,0.0,0.0,0.0,0.0,27.2,15.6,21.82857142857143,10.6,8.3,9.6
855,Philadelphia,201519,3.7,2.3,2.9857142857142853,0.8,0.0,0.1142857142857143,0.0,0.0,0.0,29.4,25.0,27.842857142857145,19.4,12.2,14.928571428571429
856,Philadelphia,201520,7.0,3.0,4.257142857142857,8.4,0.0,1.242857142857143,0.0,0.0,0.0,31.1,22.2,26.814285714285713,20.6,10.0,15.557142857142859
857,Philadelphia,201521,6.1,2.2,4.114285714285715,4.6,0.0,0.8142857142857142,0.0,0.0,0.0,30.6,14.4,24.52857142857143,16.1,10.6,12.942857142857141
858,Philadelphia,201522,5.5,3.2,4.428571428571429,15.2,0.0,2.1714285714285713,0.0,0.0,0.0,33.3,30.6,31.457142857142856,21.7,17.2,19.75714285714286
859,Philadelphia,201523,4.9,2.9,3.9714285714285715,49.8,0.0,8.9,0.0,0.0,0.0,27.2,14.4,22.514285714285712,17.8,11.7,14.042857142857143
860,Philadelphia,201524,5.8,2.3,4.357142857142857,22.4,0.0,3.6,0.0,0.0,0.0,35.0,30.0,31.657142857142855,25.0,17.8,21.271428571428572
861,Philadelphia,201525,5.3,3.0,3.8428571428571425,16.5,0.0,6.171428571428572,0.0,0.0,0.0,32.8,23.3,30.17142857142857,23.3,18.3,21.585714285714285
862,Philadelphia,201526,6.4,2.5,4.285714285714286,34.0,0.0,8.128571428571428,0.0,0.0,0.0,35.0,21.7,28.971428571428568,22.8,17.2,20.085714285714285
863,Philadelphia,201527,4.9,1.4,3.1142857142857143,38.1,0.0,5.871428571428572,0.0,0.0,0.0,30.0,25.0,27.771428571428572,20.6,17.2,19.357142857142858
864,Philadelphia,201528,4.7,1.7,3.314285714285714,19.3,0.0,2.757142857142857,0.0,0.0,0.0,32.8,29.4,31.271428571428572,25.0,20.6,22.857142857142858
865,Philadelphia,201529,4.1,2.4,3.1714285714285713,17.5,0.0,4.6000000000000005,0.0,0.0,0.0,35.0,27.8,30.17142857142857,25.0,17.8,21.357142857142858
866,Philadelphia,201530,4.7,2.9,3.642857142857143,0.8,0.0,0.1142857142857143,0.0,0.0,0.0,35.0,28.3,31.342857142857145,27.2,19.4,21.885714285714283
867,Philadelphia,201531,4.7,2.3,3.4,13.0,0.0,3.557142857142857,0.0,0.0,0.0,33.9,30.6,32.542857142857144,25.0,20.6,22.87142857142857
868,Philadelphia,201532,5.0,2.1,3.6285714285714286,2.0,0.0,0.32857142857142857,0.0,0.0,0.0,33.9,29.4,31.442857142857143,23.3,20.0,21.685714285714287
869,Philadelphia,201533,4.7,2.8,3.5714285714285716,18.3,0.0,2.757142857142857,0.0,0.0,0.0,33.9,26.1,30.228571428571428,22.2,18.3,20.642857142857142
870,Philadelphia,201534,4.3,2.2,3.6714285714285713,3.3,0.0,0.4714285714285714,0.0,0.0,0.0,34.4,30.0,32.128571428571426,24.4,18.3,22.142857142857142
871,Philadelphia,201535,4.4,2.2,3.5,0.0,0.0,0.0,0.0,0.0,0.0,32.8,27.2,30.24285714285714,22.2,17.2,19.285714285714285
872,Philadelphia,201536,4.7,1.9,3.1714285714285713,0.0,0.0,0.0,0.0,0.0,0.0,35.6,31.1,33.25714285714286,24.4,17.2,21.814285714285713
873,Philadelphia,201537,4.3,3.1,3.7142857142857144,120.9,0.0,17.385714285714286,0.0,0.0,0.0,34.4,22.2,29.114285714285717,23.9,15.6,20.485714285714288
874,Philadelphia,201538,5.3,1.7,3.1,0.0,0.0,0.0,0.0,0.0,0.0,30.6,25.0,28.414285714285715,18.9,13.3,16.728571428571428
875,Philadelphia,201539,5.5,3.0,4.3428571428571425,0.0,0.0,0.0,0.0,0.0,0.0,27.8,21.7,24.457142857142856,17.8,13.9,15.885714285714286
876,Philadelphia,201540,10.2,2.6,6.228571428571429,45.7,0.0,13.714285714285714,0.0,0.0,0.0,29.4,13.9,21.25714285714286,20.0,9.4,14.671428571428573
877,Philadelphia,201541,4.4,1.5,3.042857142857143,7.4,0.0,1.0571428571428572,0.0,0.0,0.0,26.7,18.9,22.785714285714285,15.6,8.3,12.157142857142857
878,Philadelphia,201542,4.8,2.5,4.014285714285714,0.0,0.0,0.0,0.0,0.0,0.0,24.4,11.7,18.885714285714283,15.0,3.3,10.157142857142857
879,Philadelphia,201543,5.6,2.7,3.9857142857142853,0.0,0.0,0.0,0.0,0.0,0.0,25.0,12.8,20.24285714285714,11.1,1.7,8.014285714285714
880,Philadelphia,201544,6.5,2.4,4.228571428571429,15.0,0.0,4.242857142857143,0.0,0.0,0.0,22.2,14.4,17.857142857142858,14.4,4.4,8.871428571428572
881,Philadelphia,201545,4.5,0.8,2.4,2.5,0.0,0.4714285714285714,0.0,0.0,0.0,26.7,15.0,21.514285714285712,18.9,6.7,11.185714285714285
882,Philadelphia,201546,7.1,1.6,4.671428571428572,16.5,0.0,2.8714285714285714,0.0,0.0,0.0,18.3,10.6,15.557142857142859,12.2,2.8,7.685714285714285
883,Philadelphia,201547,5.6,3.0,4.142857142857143,20.8,0.0,2.9714285714285715,0.0,0.0,0.0,21.1,11.7,16.342857142857145,12.2,3.9,6.2
884,Philadelphia,201548,5.5,1.0,2.7857142857142856,3.0,0.0,0.4714285714285714,0.0,0.0,0.0,18.9,6.1,13.271428571428572,8.9,0.6,3.257142857142857
885,Philadelphia,201549,6.3,1.6,3.4714285714285715,17.8,0.0,3.1999999999999997,0.0,0.0,0.0,15.6,8.3,11.985714285714286,11.1,0.0,4.428571428571429
886,Philadelphia,201550,2.6,1.4,2.0142857142857142,0.0,0.0,0.0,0.0,0.0,0.0,21.7,10.0,16.2,11.1,1.7,5.642857142857143
887,Philadelphia,201551,7.5,1.8,4.728571428571429,23.4,0.0,4.0,0.0,0.0,0.0,21.1,5.6,13.185714285714285,11.7,-1.0,5.814285714285715
888,Philadelphia,201552,4.9,1.6,4.0,39.4,0.0,7.685714285714285,0.0,0.0,0.0,21.7,13.9,18.32857142857143,16.7,2.2,11.1
889,Philadelphia,201553,6.1,1.6,3.9857142857142853,21.3,0.0,3.842857142857143,0.0,0.0,0.0,11.1,6.1,9.200000000000001,7.8,-1.0,3.1999999999999997
890,Philadelphia,201601,7.6,0.6,3.9,16.0,0.0,2.2857142857142856,0.0,0.0,0.0,18.3,0.0,7.442857142857143,5.6,-11.0,-2.642857142857143
891,Philadelphia,201602,7.2,1.6,4.757142857142857,5.1,0.0,1.457142857142857,13.0,0.0,1.8571428571428572,12.2,-1.6,6.914285714285714,4.4,-6.0,-2.042857142857143
892,Philadelphia,201603,11.1,4.0,6.414285714285714,35.6,0.0,5.814285714285715,493.0,0.0,81.28571428571429,2.8,-2.1,0.12857142857142856,-3.2,-8.8,-6.0
893,Philadelphia,201604,4.5,1.0,2.9285714285714284,0.0,0.0,0.0,0.0,0.0,0.0,14.4,4.4,7.528571428571429,-1.0,-7.1,-3.457142857142857
894,Philadelphia,201605,5.0,2.6,3.5428571428571423,11.7,0.0,3.5285714285714285,30.0,0.0,4.285714285714286,16.7,6.1,11.042857142857143,6.7,-2.7,1.2285714285714289
895,Philadelphia,201606,7.9,3.4,5.528571428571429,1.3,0.0,0.41428571428571426,10.0,0.0,4.0,6.7,-6.6,-0.6428571428571429,0.0,-13.2,-5.714285714285714
896,Philadelphia,201607,6.5,3.0,4.542857142857143,14.2,0.0,3.6,25.0,0.0,3.5714285714285716,16.1,0.6,8.742857142857144,4.4,-8.2,-0.9999999999999999
897,Philadelphia,201608,9.6,3.0,6.2,48.5,0.0,8.27142857142857,0.0,0.0,0.0,18.3,5.0,11.757142857142856,4.4,-2.7,1.9857142857142858
898,Philadelphia,201609,8.8,1.4,4.571428571428571,6.6,0.0,1.2714285714285711,23.0,0.0,3.7142857142857144,17.8,5.0,10.8,6.1,-2.7,0.7428571428571428
899,Philadelphia,201610,5.0,2.0,3.457142857142857,1.8,0.0,0.2571428571428572,0.0,0.0,0.0,27.8,16.1,21.2,13.9,0.6,7.385714285714286
900,Philadelphia,201611,6.4,2.2,4.185714285714286,25.9,0.0,4.157142857142857,0.0,0.0,0.0,21.7,6.1,13.257142857142856,8.3,1.7,5.628571428571428
901,Philadelphia,201612,6.6,4.1,5.085714285714286,0.5,0.0,0.07142857142857142,0.0,0.0,0.0,22.8,10.6,17.485714285714288,11.1,0.6,5.714285714285714
902,Philadelphia,201613,9.3,4.2,6.642857142857143,11.2,0.0,2.3000000000000003,0.0,0.0,0.0,26.7,8.3,18.17142857142857,18.3,2.2,8.014285714285714
903,Philadelphia,201614,7.2,4.2,5.585714285714286,9.9,0.0,3.1142857142857143,8.0,0.0,1.1428571428571428,18.3,6.1,11.585714285714285,8.9,-1.6,2.1857142857142855
904,Philadelphia,201615,6.2,2.4,3.7285714285714286,7.9,0.0,1.1285714285714286,0.0,0.0,0.0,22.8,14.4,18.557142857142857,7.8,4.4,5.714285714285714
905,Philadelphia,201616,6.0,2.7,4.357142857142857,2.8,0.0,0.39999999999999997,0.0,0.0,0.0,27.8,21.1,23.671428571428574,16.1,7.8,10.314285714285715
906,Philadelphia,201617,5.4,2.6,3.4714285714285715,15.5,0.0,3.2285714285714286,0.0,0.0,0.0,30.0,11.7,17.54285714285714,10.6,7.2,8.642857142857142
907,Philadelphia,201618,5.1,2.3,4.014285714285714,29.2,0.0,6.928571428571429,0.0,0.0,0.0,21.7,12.2,16.014285714285712,11.1,8.9,10.257142857142856
908,Philadelphia,201619,7.5,1.7,3.8285714285714287,5.1,0.0,1.157142857142857,0.0,0.0,0.0,24.4,15.0,20.157142857142855,15.6,7.8,11.514285714285714
909,Philadelphia,201620,6.5,2.0,3.3285714285714287,49.8,0.0,7.942857142857142,0.0,0.0,0.0,24.4,16.7,19.928571428571427,12.2,5.6,10.642857142857142
910,Philadelphia,201621,4.0,2.0,3.3285714285714287,15.0,0.0,2.542857142857143,0.0,0.0,0.0,32.2,24.4,30.142857142857142,20.6,12.8,16.67142857142857
911,Philadelphia,201622,4.3,2.2,2.957142857142857,23.4,0.0,5.371428571428571,0.0,0.0,0.0,32.2,24.4,28.557142857142857,21.1,16.7,19.357142857142858
912,Philadelphia,201623,7.7,4.1,5.6000000000000005,3.3,0.0,0.4714285714285714,0.0,0.0,0.0,33.3,22.8,28.17142857142857,20.0,11.7,16.428571428571427
913,Philadelphia,201624,5.5,2.2,3.4857142857142853,9.7,0.0,1.4285714285714286,0.0,0.0,0.0,32.8,21.1,27.157142857142855,18.3,15.0,16.742857142857144
914,Philadelphia,201625,5.1,2.7,3.7285714285714286,4.1,0.0,0.5857142857142856,0.0,0.0,0.0,32.8,27.8,30.485714285714288,22.2,17.8,19.914285714285715
915,Philadelphia,201626,5.5,2.6,3.6714285714285713,14.2,0.0,2.2857142857142856,0.0,0.0,0.0,30.6,25.6,28.74285714285714,21.7,17.8,20.085714285714285
916,Philadelphia,201627,4.7,3.1,3.685714285714286,7.4,0.0,1.385714285714286,0.0,0.0,0.0,35.0,26.1,31.099999999999998,23.9,19.4,22.542857142857144
917,Philadelphia,201628,4.7,2.5,3.5,3.0,0.0,0.9,0.0,0.0,0.0,35.6,28.9,32.457142857142856,25.6,18.3,22.071428571428573
918,Philadelphia,201629,5.4,3.0,3.9714285714285715,14.7,0.0,2.1,0.0,0.0,0.0,36.1,30.6,33.58571428571428,25.0,20.6,22.614285714285717
919,Philadelphia,201630,4.1,2.1,3.257142857142857,42.7,0.0,9.700000000000001,0.0,0.0,0.0,36.1,31.1,33.4,25.0,22.8,23.557142857142857
920,Philadelphia,201631,4.1,2.4,3.3428571428571425,0.0,0.0,0.0,0.0,0.0,0.0,32.8,26.7,29.842857142857138,24.4,18.9,20.957142857142856
921,Philadelphia,201632,5.4,2.3,4.228571428571429,7.9,0.0,1.242857142857143,0.0,0.0,0.0,36.7,29.4,34.128571428571426,27.8,20.0,24.75714285714286
922,Philadelphia,201633,4.6,2.3,3.3000000000000003,15.2,0.0,4.928571428571429,0.0,0.0,0.0,34.4,31.1,32.92857142857143,25.0,22.8,23.571428571428573
923,Philadelphia,201634,5.0,2.2,3.6714285714285717,0.0,0.0,0.0,0.0,0.0,0.0,33.9,28.3,31.02857142857143,23.9,16.7,20.485714285714288
924,Philadelphia,201635,5.3,2.8,3.642857142857143,11.9,0.0,1.7,0.0,0.0,0.0,33.9,26.1,29.75714285714286,22.8,17.2,20.314285714285713
925,Philadelphia,201636,7.2,3.2,4.4,0.0,0.0,0.0,0.0,0.0,0.0,35.0,29.4,32.614285714285714,26.7,17.2,22.3
926,Philadelphia,201637,4.1,2.7,3.4714285714285715,0.0,0.0,0.0,0.0,0.0,0.0,33.3,26.7,29.12857142857143,21.1,15.0,17.314285714285713
927,Philadelphia,201638,3.4,2.0,2.5,32.8,0.0,4.685714285714285,0.0,0.0,0.0,31.7,22.8,27.228571428571428,21.1,11.7,17.47142857142857
928,Philadelphia,201639,7.7,2.3,4.628571428571428,19.8,0.0,6.457142857142857,0.0,0.0,0.0,24.4,17.2,20.37142857142857,15.6,11.7,14.457142857142857
929,Philadelphia,201640,7.6,2.0,3.457142857142857,22.6,0.0,4.171428571428572,0.0,0.0,0.0,25.6,18.3,21.97142857142857,16.1,11.1,13.557142857142859
930,Philadelphia,201641,5.8,1.1,2.6714285714285713,0.0,0.0,0.0,0.0,0.0,0.0,22.2,18.3,19.985714285714288,11.1,6.7,8.571428571428571
931,Philadelphia,201642,7.4,2.7,4.442857142857143,4.8,0.0,0.6857142857142857,0.0,0.0,0.0,30.0,13.3,24.685714285714287,18.9,8.3,14.028571428571428
932,Philadelphia,201643,5.4,3.1,4.514285714285714,12.2,0.0,2.5428571428571423,0.0,0.0,0.0,26.1,11.7,17.142857142857142,12.8,3.3,7.057142857142857
933,Philadelphia,201644,6.0,2.2,4.0285714285714285,0.3,0.0,0.04285714285714286,0.0,0.0,0.0,22.2,13.9,17.857142857142858,12.2,3.9,7.457142857142857
934,Philadelphia,201645,7.1,2.4,4.0,9.7,0.0,1.3857142857142857,0.0,0.0,0.0,20.6,10.6,15.085714285714287,8.3,1.7,4.371428571428572
935,Philadelphia,201646,10.6,1.3,4.114285714285715,0.8,0.0,0.1142857142857143,0.0,0.0,0.0,22.2,6.7,16.514285714285716,8.3,1.7,4.771428571428571
936,Philadelphia,201647,10.6,1.5,4.428571428571429,0.0,0.0,0.0,0.0,0.0,0.0,12.8,7.2,10.171428571428573,5.6,0.0,3.0142857142857147
937,Philadelphia,201648,7.1,2.5,4.457142857142857,25.9,0.0,6.457142857142856,0.0,0.0,0.0,17.2,8.9,13.028571428571428,12.8,0.0,6.114285714285714
938,Philadelphia,201649,6.5,2.2,4.385714285714285,18.8,0.0,3.3000000000000003,0.0,0.0,0.0,10.6,1.7,6.114285714285714,4.4,-3.2,0.28571428571428564
939,Philadelphia,201650,8.3,2.2,4.485714285714286,18.3,0.0,4.257142857142857,5.0,0.0,1.1428571428571428,15.6,-3.2,5.671428571428572,1.7,-8.8,-2.1
940,Philadelphia,201651,4.5,2.1,3.3285714285714287,9.9,0.0,1.4142857142857144,0.0,0.0,0.0,11.7,1.1,6.742857142857143,3.3,-6.6,-1.542857142857143
941,Philadelphia,201652,7.3,3.0,5.116666666666666,4.8,0.0,0.9333333333333332,0.0,0.0,0.0,17.8,5.6,9.466666666666667,7.2,-1.0,0.7833333333333333
